id,firstname,lastname,email
1,Merry,Carleen,Merry.Carleen@yopmail.com
2,Aryn,Ellerey,Aryn.Ellerey@yopmail.com
3,Rosabelle,Garbe,Rosabelle.Garbe@yopmail.com
4,Fina,Skurnik,Fina.Skurnik@yopmail.com
5,Mady,Sharl,Mady.Sharl@yopmail.com
6,Xylina,Konyn,Xylina.Konyn@yopmail.com
7,Valeda,Aurelio,Valeda.Aurelio@yopmail.com
8,Mahalia,Catie,Mahalia.Catie@yopmail.com
9,Pollyanna,Janith,Pollyanna.Janith@yopmail.com
10,Giustina,Himelman,Giustina.Himelman@yopmail.com
11,Jemie,Ajay,Jemie.Ajay@yopmail.com
12,Beverley,Niccolo,Beverley.Niccolo@yopmail.com
13,Rhoda,Oster,Rhoda.Oster@yopmail.com
14,Letizia,Belldas,Letizia.Belldas@yopmail.com
15,Hermione,Sheng,Hermione.Sheng@yopmail.com
16,Dania,Estella,Dania.Estella@yopmail.com
17,Basia,Atonsah,Basia.Atonsah@yopmail.com
18,Verla,Darian,Verla.Darian@yopmail.com
19,Paulita,Chabot,Paulita.Chabot@yopmail.com
20,Sheelagh,Bonucci,Sheelagh.Bonucci@yopmail.com
21,Hannis,MacIntosh,Hannis.MacIntosh@yopmail.com
22,Maisey,Mike,Maisey.Mike@yopmail.com
23,Krystle,Pip,Krystle.Pip@yopmail.com
24,Nananne,Jess,Nananne.Jess@yopmail.com
25,Monika,Flyn,Monika.Flyn@yopmail.com
26,Melanie,Cadmar,Melanie.Cadmar@yopmail.com
27,Candi,Anestassia,Candi.Anestassia@yopmail.com
28,Max,Fadiman,Max.Fadiman@yopmail.com
29,Shauna,Ellord,Shauna.Ellord@yopmail.com
30,Shandie,Ackerley,Shandie.Ackerley@yopmail.com
31,Alia,Belldas,Alia.Belldas@yopmail.com
32,Minda,Peti,Minda.Peti@yopmail.com
33,Cam,Carey,Cam.Carey@yopmail.com
34,Gabi,Mitzi,Gabi.Mitzi@yopmail.com
35,Sadie,Willie,Sadie.Willie@yopmail.com
36,Sashenka,Damarra,Sashenka.Damarra@yopmail.com
37,Lexine,Warthman,Lexine.Warthman@yopmail.com
38,Roz,Mich,Roz.Mich@yopmail.com
39,Giustina,Bohlin,Giustina.Bohlin@yopmail.com
40,Ottilie,Brady,Ottilie.Brady@yopmail.com
41,Jorry,Lindemann,Jorry.Lindemann@yopmail.com
42,Kary,Martguerita,Kary.Martguerita@yopmail.com
43,Netty,Moina,Netty.Moina@yopmail.com
44,Beverley,Chabot,Beverley.Chabot@yopmail.com
45,Netty,Wattenberg,Netty.Wattenberg@yopmail.com
46,Correy,Wittie,Correy.Wittie@yopmail.com
47,Gabriellia,Hurley,Gabriellia.Hurley@yopmail.com
48,Madeleine,Wolfgram,Madeleine.Wolfgram@yopmail.com
49,Mamie,Ethban,Mamie.Ethban@yopmail.com
50,Dulce,Wittie,Dulce.Wittie@yopmail.com
51,Gretal,Nadia,Gretal.Nadia@yopmail.com
52,Melodie,Himelman,Melodie.Himelman@yopmail.com
53,Ursulina,Campball,Ursulina.Campball@yopmail.com
54,Tori,Gombach,Tori.Gombach@yopmail.com
55,Alexine,Drisko,Alexine.Drisko@yopmail.com
56,Raquela,Persse,Raquela.Persse@yopmail.com
57,Molli,Gert,Molli.Gert@yopmail.com
58,Averyl,Guthrie,Averyl.Guthrie@yopmail.com
59,Dulcinea,Jarib,Dulcinea.Jarib@yopmail.com
60,Odessa,Neva,Odessa.Neva@yopmail.com
61,Estell,Primalia,Estell.Primalia@yopmail.com
62,Nicoli,Idelia,Nicoli.Idelia@yopmail.com
63,Phylis,Scammon,Phylis.Scammon@yopmail.com
64,Nyssa,Urania,Nyssa.Urania@yopmail.com
65,Anthia,Primalia,Anthia.Primalia@yopmail.com
66,Dotty,Wu,Dotty.Wu@yopmail.com
67,Cathyleen,Dash,Cathyleen.Dash@yopmail.com
68,June,Stanwood,June.Stanwood@yopmail.com
69,Peri,Weinreb,Peri.Weinreb@yopmail.com
70,Bee,Fredi,Bee.Fredi@yopmail.com
71,Alie,Dearborn,Alie.Dearborn@yopmail.com
72,Debee,Joeann,Debee.Joeann@yopmail.com
73,Adelle,Tomasina,Adelle.Tomasina@yopmail.com
74,Danika,Lasley,Danika.Lasley@yopmail.com
75,Lusa,Penelopa,Lusa.Penelopa@yopmail.com
76,Codie,Nickola,Codie.Nickola@yopmail.com
77,Sadie,Uund,Sadie.Uund@yopmail.com
78,Maryellen,Sigfrid,Maryellen.Sigfrid@yopmail.com
79,Inga,Kravits,Inga.Kravits@yopmail.com
80,Cissiee,Lissi,Cissiee.Lissi@yopmail.com
81,Winifred,Jammal,Winifred.Jammal@yopmail.com
82,Kial,Xerxes,Kial.Xerxes@yopmail.com
83,Natka,Rubie,Natka.Rubie@yopmail.com
84,Alex,Weaks,Alex.Weaks@yopmail.com
85,Priscilla,Fadiman,Priscilla.Fadiman@yopmail.com
86,Neila,Wilona,Neila.Wilona@yopmail.com
87,Tabbatha,Fillbert,Tabbatha.Fillbert@yopmail.com
88,Aigneis,Carleen,Aigneis.Carleen@yopmail.com
89,Calla,Madox,Calla.Madox@yopmail.com
90,Siana,Sharl,Siana.Sharl@yopmail.com
91,Lauryn,Gert,Lauryn.Gert@yopmail.com
92,Joy,Harday,Joy.Harday@yopmail.com
93,Ira,Stoller,Ira.Stoller@yopmail.com
94,Caressa,Engdahl,Caressa.Engdahl@yopmail.com
95,Tonia,Center,Tonia.Center@yopmail.com
96,Emmey,Bobbee,Emmey.Bobbee@yopmail.com
97,Daune,Sothena,Daune.Sothena@yopmail.com
98,Gloria,Erlandson,Gloria.Erlandson@yopmail.com
99,Carlie,Wandie,Carlie.Wandie@yopmail.com
100,Robinia,Bendick,Robinia.Bendick@yopmail.com
101,Dorothy,Carri,Dorothy.Carri@yopmail.com
102,Tatiania,Quinn,Tatiania.Quinn@yopmail.com
103,Phylis,Montgomery,Phylis.Montgomery@yopmail.com
104,Felice,Erb,Felice.Erb@yopmail.com
105,Ketti,Scammon,Ketti.Scammon@yopmail.com
106,Damaris,Cath,Damaris.Cath@yopmail.com
107,Ardys,Buffum,Ardys.Buffum@yopmail.com
108,Gianina,Martsen,Gianina.Martsen@yopmail.com
109,Caritta,Jaylene,Caritta.Jaylene@yopmail.com
110,Vevay,Stanwood,Vevay.Stanwood@yopmail.com
111,Hyacinthe,Fadiman,Hyacinthe.Fadiman@yopmail.com
112,Gilda,Yusuk,Gilda.Yusuk@yopmail.com
113,Elie,Ciapas,Elie.Ciapas@yopmail.com
114,Trixi,Zetta,Trixi.Zetta@yopmail.com
115,Lorne,Delila,Lorne.Delila@yopmail.com
116,Celene,Tippets,Celene.Tippets@yopmail.com
117,Sharlene,Wind,Sharlene.Wind@yopmail.com
118,Marinna,Brieta,Marinna.Brieta@yopmail.com
119,Gui,Haymes,Gui.Haymes@yopmail.com
120,Alejandra,Vivle,Alejandra.Vivle@yopmail.com
121,Gretal,Thomasina,Gretal.Thomasina@yopmail.com
122,Angela,Linehan,Angela.Linehan@yopmail.com
123,Genovera,Ferino,Genovera.Ferino@yopmail.com
124,Gerianna,Ferino,Gerianna.Ferino@yopmail.com
125,Ronna,Diann,Ronna.Diann@yopmail.com
126,Cyb,Ethban,Cyb.Ethban@yopmail.com
127,Jorry,Frendel,Jorry.Frendel@yopmail.com
128,Zondra,Claudine,Zondra.Claudine@yopmail.com
129,Leia,Prober,Leia.Prober@yopmail.com
130,Clementine,Sothena,Clementine.Sothena@yopmail.com
131,Robinia,Stanwood,Robinia.Stanwood@yopmail.com
132,Elvira,Margret,Elvira.Margret@yopmail.com
133,Adore,Borrell,Adore.Borrell@yopmail.com
134,Alisha,Quent,Alisha.Quent@yopmail.com
135,Berget,Teryn,Berget.Teryn@yopmail.com
136,Adelle,Wallis,Adelle.Wallis@yopmail.com
137,Lacie,Joeann,Lacie.Joeann@yopmail.com
138,Gertrud,Sawtelle,Gertrud.Sawtelle@yopmail.com
139,Glenda,Adalbert,Glenda.Adalbert@yopmail.com
140,Frances,Bettine,Frances.Bettine@yopmail.com
141,Imojean,Garbe,Imojean.Garbe@yopmail.com
142,Shauna,Loring,Shauna.Loring@yopmail.com
143,Dorothy,Maurine,Dorothy.Maurine@yopmail.com
144,Ivett,Durante,Ivett.Durante@yopmail.com
145,Lonnie,Zuzana,Lonnie.Zuzana@yopmail.com
146,Selma,Ruvolo,Selma.Ruvolo@yopmail.com
147,Elyssa,Dielu,Elyssa.Dielu@yopmail.com
148,Madeleine,Weinreb,Madeleine.Weinreb@yopmail.com
149,Clary,Sperling,Clary.Sperling@yopmail.com
150,Rivalee,Khorma,Rivalee.Khorma@yopmail.com
151,Kylynn,Llovera,Kylynn.Llovera@yopmail.com
152,Lisette,Dearborn,Lisette.Dearborn@yopmail.com
153,Alleen,Prober,Alleen.Prober@yopmail.com
154,Ellette,Sinegold,Ellette.Sinegold@yopmail.com
155,Amalie,Velick,Amalie.Velick@yopmail.com
156,Mathilda,Bord,Mathilda.Bord@yopmail.com
157,Maurene,Hieronymus,Maurene.Hieronymus@yopmail.com
158,Blake,Ioab,Blake.Ioab@yopmail.com
159,Tressa,Bluh,Tressa.Bluh@yopmail.com
160,Carree,Andrel,Carree.Andrel@yopmail.com
161,Elmira,Ammann,Elmira.Ammann@yopmail.com
162,Alejandra,Brotherson,Alejandra.Brotherson@yopmail.com
163,Georgetta,Minetta,Georgetta.Minetta@yopmail.com
164,Nickie,Hortensia,Nickie.Hortensia@yopmail.com
165,Gale,Tound,Gale.Tound@yopmail.com
166,Pamella,Caitlin,Pamella.Caitlin@yopmail.com
167,Brandise,Bettine,Brandise.Bettine@yopmail.com
168,Beatriz,Fry,Beatriz.Fry@yopmail.com
169,Maridel,Darrell,Maridel.Darrell@yopmail.com
170,Paule,Blase,Paule.Blase@yopmail.com
171,Laure,Dash,Laure.Dash@yopmail.com
172,Dawn,Abram,Dawn.Abram@yopmail.com
173,Codie,Shaddock,Codie.Shaddock@yopmail.com
174,Ottilie,Stuart,Ottilie.Stuart@yopmail.com
175,Flo,Maisey,Flo.Maisey@yopmail.com
176,Allis,Selway,Allis.Selway@yopmail.com
177,Marline,Zachary,Marline.Zachary@yopmail.com
178,Anestassia,Wolfgram,Anestassia.Wolfgram@yopmail.com
179,Bobinette,Zitvaa,Bobinette.Zitvaa@yopmail.com
180,Elsie,Weide,Elsie.Weide@yopmail.com
181,Binny,Georas,Binny.Georas@yopmail.com
182,Dione,Tarrant,Dione.Tarrant@yopmail.com
183,Tarra,Khorma,Tarra.Khorma@yopmail.com
184,Justinn,Dannye,Justinn.Dannye@yopmail.com
185,Ulrike,Llovera,Ulrike.Llovera@yopmail.com
186,Gilda,Birdella,Gilda.Birdella@yopmail.com
187,Lilith,Fitzsimmons,Lilith.Fitzsimmons@yopmail.com
188,Tera,Frendel,Tera.Frendel@yopmail.com
189,Josephine,Annabella,Josephine.Annabella@yopmail.com
190,Kaia,Birdella,Kaia.Birdella@yopmail.com
191,Roxane,Kravits,Roxane.Kravits@yopmail.com
192,Daune,Amand,Daune.Amand@yopmail.com
193,Gusty,Kirbee,Gusty.Kirbee@yopmail.com
194,Chrystel,Seligman,Chrystel.Seligman@yopmail.com
195,Cyndie,Velick,Cyndie.Velick@yopmail.com
196,Maryellen,Abbot,Maryellen.Abbot@yopmail.com
197,Monika,Markman,Monika.Markman@yopmail.com
198,Shel,Harl,Shel.Harl@yopmail.com
199,Dorene,Stover,Dorene.Stover@yopmail.com
200,Farrah,Elephus,Farrah.Elephus@yopmail.com
201,Petronia,Sidonius,Petronia.Sidonius@yopmail.com
202,Louella,Hoenack,Louella.Hoenack@yopmail.com
203,Karolina,Dunkin,Karolina.Dunkin@yopmail.com
204,Taffy,Carey,Taffy.Carey@yopmail.com
205,Nataline,Slifka,Nataline.Slifka@yopmail.com
206,Sherrie,Rheingold,Sherrie.Rheingold@yopmail.com
207,Gwyneth,Lanita,Gwyneth.Lanita@yopmail.com
208,Siana,Tound,Siana.Tound@yopmail.com
209,Cristabel,Jalbert,Cristabel.Jalbert@yopmail.com
210,Elfreda,Wesle,Elfreda.Wesle@yopmail.com
211,Kial,Millda,Kial.Millda@yopmail.com
212,Adriana,Rheingold,Adriana.Rheingold@yopmail.com
213,Imojean,Beebe,Imojean.Beebe@yopmail.com
214,Stacey,Nea,Stacey.Nea@yopmail.com
215,Paola,Allare,Paola.Allare@yopmail.com
216,Kimberley,Laurianne,Kimberley.Laurianne@yopmail.com
217,Celisse,Iphlgenia,Celisse.Iphlgenia@yopmail.com
218,Chloris,Anton,Chloris.Anton@yopmail.com
219,Kary,Rosette,Kary.Rosette@yopmail.com
220,Blinni,Krystle,Blinni.Krystle@yopmail.com
221,Kittie,Taima,Kittie.Taima@yopmail.com
222,Merle,Ailyn,Merle.Ailyn@yopmail.com
223,Margalo,Payson,Margalo.Payson@yopmail.com
224,Madeleine,Amadas,Madeleine.Amadas@yopmail.com
225,Marsiella,Lasley,Marsiella.Lasley@yopmail.com
226,Brena,Adrienne,Brena.Adrienne@yopmail.com
227,Alejandra,Aida,Alejandra.Aida@yopmail.com
228,Ira,Simmonds,Ira.Simmonds@yopmail.com
229,Linet,Dom,Linet.Dom@yopmail.com
230,Phylis,Nikaniki,Phylis.Nikaniki@yopmail.com
231,Fred,Gillan,Fred.Gillan@yopmail.com
232,Aimil,Elsinore,Aimil.Elsinore@yopmail.com
233,Drucie,Joachim,Drucie.Joachim@yopmail.com
234,Glynnis,Rad,Glynnis.Rad@yopmail.com
235,Cristabel,Ingra,Cristabel.Ingra@yopmail.com
236,Courtnay,Podvin,Courtnay.Podvin@yopmail.com
237,Daryl,Yam,Daryl.Yam@yopmail.com
238,Corry,Wadell,Corry.Wadell@yopmail.com
239,Myriam,Amasa,Myriam.Amasa@yopmail.com
240,Candi,Trace,Candi.Trace@yopmail.com
241,Elfreda,Bury,Elfreda.Bury@yopmail.com
242,Carmencita,Helfand,Carmencita.Helfand@yopmail.com
243,Alie,Odell,Alie.Odell@yopmail.com
244,Mahalia,Bobbee,Mahalia.Bobbee@yopmail.com
245,Aurore,Ingra,Aurore.Ingra@yopmail.com
246,Dolli,Fleeta,Dolli.Fleeta@yopmail.com
247,Moyna,Noam,Moyna.Noam@yopmail.com
248,Dorothy,Graig,Dorothy.Graig@yopmail.com
249,Tina,Modie,Tina.Modie@yopmail.com
250,Karina,Shama,Karina.Shama@yopmail.com
251,Odessa,Zitvaa,Odessa.Zitvaa@yopmail.com
252,Fred,Tufts,Fred.Tufts@yopmail.com
253,Edith,Randene,Edith.Randene@yopmail.com
254,Frances,Janene,Frances.Janene@yopmail.com
255,Blinni,Fulmer,Blinni.Fulmer@yopmail.com
256,Elmira,Corabella,Elmira.Corabella@yopmail.com
257,Ginnie,Engdahl,Ginnie.Engdahl@yopmail.com
258,Rayna,Greyson,Rayna.Greyson@yopmail.com
259,Christian,Elisha,Christian.Elisha@yopmail.com
260,Hannis,Dash,Hannis.Dash@yopmail.com
261,Nariko,Sheng,Nariko.Sheng@yopmail.com
262,Kirstin,Mitzi,Kirstin.Mitzi@yopmail.com
263,Raquela,Clywd,Raquela.Clywd@yopmail.com
264,Ezmeralda,Edvard,Ezmeralda.Edvard@yopmail.com
265,Wanda,Lia,Wanda.Lia@yopmail.com
266,Marti,Tamar,Marti.Tamar@yopmail.com
267,Brana,Serilda,Brana.Serilda@yopmail.com
268,Correy,Fleeta,Correy.Fleeta@yopmail.com
269,Modestia,Ashely,Modestia.Ashely@yopmail.com
270,Maud,Rosette,Maud.Rosette@yopmail.com
271,Danny,Caitlin,Danny.Caitlin@yopmail.com
272,Janis,Suanne,Janis.Suanne@yopmail.com
273,Darlleen,Vittoria,Darlleen.Vittoria@yopmail.com
274,Shel,Yoko,Shel.Yoko@yopmail.com
275,Riannon,Mike,Riannon.Mike@yopmail.com
276,Gilligan,Hunfredo,Gilligan.Hunfredo@yopmail.com
277,Willetta,Baylor,Willetta.Baylor@yopmail.com
278,Sissy,Barrus,Sissy.Barrus@yopmail.com
279,Barbi,Montgomery,Barbi.Montgomery@yopmail.com
280,Joleen,Masao,Joleen.Masao@yopmail.com
281,Ingrid,Si,Ingrid.Si@yopmail.com
282,Taffy,Arley,Taffy.Arley@yopmail.com
283,Tani,Sheng,Tani.Sheng@yopmail.com
284,Di,Howlyn,Di.Howlyn@yopmail.com
285,Kelly,Wooster,Kelly.Wooster@yopmail.com
286,Genevra,Ruvolo,Genevra.Ruvolo@yopmail.com
287,Leeanne,Randene,Leeanne.Randene@yopmail.com
288,Gusella,Daniele,Gusella.Daniele@yopmail.com
289,Janeczka,Ambrosia,Janeczka.Ambrosia@yopmail.com
290,Lorne,Billye,Lorne.Billye@yopmail.com
291,Sadie,Mathilde,Sadie.Mathilde@yopmail.com
292,Raquela,Scammon,Raquela.Scammon@yopmail.com
293,Shandie,Rolf,Shandie.Rolf@yopmail.com
294,Teriann,Cutlerr,Teriann.Cutlerr@yopmail.com
295,Deane,Moseley,Deane.Moseley@yopmail.com
296,Allyce,Ruvolo,Allyce.Ruvolo@yopmail.com
297,Aubrie,Alejoa,Aubrie.Alejoa@yopmail.com
298,Kary,Noelyn,Kary.Noelyn@yopmail.com
299,Anestassia,Huggins,Anestassia.Huggins@yopmail.com
300,Mara,Tatianas,Mara.Tatianas@yopmail.com
301,Alejandra,Morehouse,Alejandra.Morehouse@yopmail.com
302,Bernardine,Narton,Bernardine.Narton@yopmail.com
303,Ana,Mendez,Ana.Mendez@yopmail.com
304,Dulce,Fitzsimmons,Dulce.Fitzsimmons@yopmail.com
305,Brynna,Zitvaa,Brynna.Zitvaa@yopmail.com
306,Jennica,Birdella,Jennica.Birdella@yopmail.com
307,Sindee,Felizio,Sindee.Felizio@yopmail.com
308,Tiffie,Faria,Tiffie.Faria@yopmail.com
309,Romona,Cosenza,Romona.Cosenza@yopmail.com
310,Lisette,Charmine,Lisette.Charmine@yopmail.com
311,Marinna,Lucienne,Marinna.Lucienne@yopmail.com
312,Pearline,Cottle,Pearline.Cottle@yopmail.com
313,Gabi,Kussell,Gabi.Kussell@yopmail.com
314,Clo,Thilda,Clo.Thilda@yopmail.com
315,Nerta,Ledah,Nerta.Ledah@yopmail.com
316,Sean,Friede,Sean.Friede@yopmail.com
317,Sissy,Joli,Sissy.Joli@yopmail.com
318,Emelina,Lubin,Emelina.Lubin@yopmail.com
319,Bernardine,Isacco,Bernardine.Isacco@yopmail.com
320,Caritta,Codding,Caritta.Codding@yopmail.com
321,Claresta,Parette,Claresta.Parette@yopmail.com
322,Bill,Persse,Bill.Persse@yopmail.com
323,Adriana,Mott,Adriana.Mott@yopmail.com
324,Reeba,Raimondo,Reeba.Raimondo@yopmail.com
325,Helsa,Billye,Helsa.Billye@yopmail.com
326,Calla,Dielu,Calla.Dielu@yopmail.com
327,Sashenka,Sisile,Sashenka.Sisile@yopmail.com
328,Rubie,Chauncey,Rubie.Chauncey@yopmail.com
329,Elyssa,Miru,Elyssa.Miru@yopmail.com
330,Isa,Medrek,Isa.Medrek@yopmail.com
331,Camile,Ellerey,Camile.Ellerey@yopmail.com
332,Kial,O'Carroll,Kial.O'Carroll@yopmail.com
333,Nariko,Yoko,Nariko.Yoko@yopmail.com
334,Letizia,Ursulette,Letizia.Ursulette@yopmail.com
335,Britte,Tomasina,Britte.Tomasina@yopmail.com
336,Allis,Dielu,Allis.Dielu@yopmail.com
337,Jany,Arley,Jany.Arley@yopmail.com
338,Krystle,Melan,Krystle.Melan@yopmail.com
339,Lynea,Willie,Lynea.Willie@yopmail.com
340,Madeleine,Deegan,Madeleine.Deegan@yopmail.com
341,Dennie,Bollay,Dennie.Bollay@yopmail.com
342,Magdalena,Laverne,Magdalena.Laverne@yopmail.com
343,Harmonia,Hoenack,Harmonia.Hoenack@yopmail.com
344,Ninnetta,Latini,Ninnetta.Latini@yopmail.com
345,Lizzie,Forrer,Lizzie.Forrer@yopmail.com
346,Letizia,Pip,Letizia.Pip@yopmail.com
347,Joeann,Tjon,Joeann.Tjon@yopmail.com
348,Roberta,Papageno,Roberta.Papageno@yopmail.com
349,Camile,Havens,Camile.Havens@yopmail.com
350,Chickie,Tremayne,Chickie.Tremayne@yopmail.com
351,Lanna,Rosette,Lanna.Rosette@yopmail.com
352,Emmey,Standing,Emmey.Standing@yopmail.com
353,Cristabel,Sisile,Cristabel.Sisile@yopmail.com
354,Angela,Myrilla,Angela.Myrilla@yopmail.com
355,Sheelagh,Krystle,Sheelagh.Krystle@yopmail.com
356,Andeee,Dielu,Andeee.Dielu@yopmail.com
357,Vere,Jorgan,Vere.Jorgan@yopmail.com
358,Alexine,Karna,Alexine.Karna@yopmail.com
359,Wendi,Pillsbury,Wendi.Pillsbury@yopmail.com
360,Karlee,Ledah,Karlee.Ledah@yopmail.com
361,Letizia,Keily,Letizia.Keily@yopmail.com
362,Bernardine,Toor,Bernardine.Toor@yopmail.com
363,Andree,Vivle,Andree.Vivle@yopmail.com
364,Moyna,Fosque,Moyna.Fosque@yopmail.com
365,Clementine,Joni,Clementine.Joni@yopmail.com
366,Angela,Wandie,Angela.Wandie@yopmail.com
367,Ketti,Bury,Ketti.Bury@yopmail.com
368,Katuscha,Agle,Katuscha.Agle@yopmail.com
369,Starla,Therine,Starla.Therine@yopmail.com
370,Cassondra,Papageno,Cassondra.Papageno@yopmail.com
371,Veda,Orpah,Veda.Orpah@yopmail.com
372,Starla,Mayeda,Starla.Mayeda@yopmail.com
373,Lauryn,Jacobah,Lauryn.Jacobah@yopmail.com
374,Ofilia,Darrell,Ofilia.Darrell@yopmail.com
375,Sissy,Kiyoshi,Sissy.Kiyoshi@yopmail.com
376,Adriana,Waite,Adriana.Waite@yopmail.com
377,Charlena,Sallyann,Charlena.Sallyann@yopmail.com
378,Jillayne,Tryck,Jillayne.Tryck@yopmail.com
379,Frances,Tarrant,Frances.Tarrant@yopmail.com
380,Carmela,Fry,Carmela.Fry@yopmail.com
381,Keelia,Iphlgenia,Keelia.Iphlgenia@yopmail.com
382,Giustina,Francyne,Giustina.Francyne@yopmail.com
383,Emilia,Rubie,Emilia.Rubie@yopmail.com
384,Georgetta,Seligman,Georgetta.Seligman@yopmail.com
385,Theodora,Raimondo,Theodora.Raimondo@yopmail.com
386,Audrie,Faust,Audrie.Faust@yopmail.com
387,Alie,Jacinda,Alie.Jacinda@yopmail.com
388,Kathy,Stefa,Kathy.Stefa@yopmail.com
389,Dagmar,Waldron,Dagmar.Waldron@yopmail.com
390,Luci,Iiette,Luci.Iiette@yopmail.com
391,Rochette,Janene,Rochette.Janene@yopmail.com
392,Shell,Libna,Shell.Libna@yopmail.com
393,Gretal,Kolnick,Gretal.Kolnick@yopmail.com
394,Blake,Isacco,Blake.Isacco@yopmail.com
395,Mariele,Erb,Mariele.Erb@yopmail.com
396,Ricky,Haerr,Ricky.Haerr@yopmail.com
397,Kalina,Magdalen,Kalina.Magdalen@yopmail.com
398,Anallese,Anderea,Anallese.Anderea@yopmail.com
399,Minne,Fry,Minne.Fry@yopmail.com
400,Anthia,Berriman,Anthia.Berriman@yopmail.com
401,Leia,Lauraine,Leia.Lauraine@yopmail.com
402,Taffy,Ashok,Taffy.Ashok@yopmail.com
403,Carilyn,Maurine,Carilyn.Maurine@yopmail.com
404,Bobbi,Wilkinson,Bobbi.Wilkinson@yopmail.com
405,Sonni,Hoban,Sonni.Hoban@yopmail.com
406,Brianna,Egbert,Brianna.Egbert@yopmail.com
407,Giustina,Haymes,Giustina.Haymes@yopmail.com
408,Cyndie,Sprage,Cyndie.Sprage@yopmail.com
409,Millie,Olin,Millie.Olin@yopmail.com
410,Konstance,Schonfeld,Konstance.Schonfeld@yopmail.com
411,Christal,Shirberg,Christal.Shirberg@yopmail.com
412,Susan,Stacy,Susan.Stacy@yopmail.com
413,Cassandra,Newell,Cassandra.Newell@yopmail.com
414,Carlie,Brittani,Carlie.Brittani@yopmail.com
415,Nonnah,Helve,Nonnah.Helve@yopmail.com
416,Felice,Ashok,Felice.Ashok@yopmail.com
417,Ericka,Nikaniki,Ericka.Nikaniki@yopmail.com
418,Loree,Jaylene,Loree.Jaylene@yopmail.com
419,Cacilie,Madaih,Cacilie.Madaih@yopmail.com
420,Esmeralda,Calhoun,Esmeralda.Calhoun@yopmail.com
421,Feliza,Diann,Feliza.Diann@yopmail.com
422,Wynne,Chapland,Wynne.Chapland@yopmail.com
423,Amalie,Weide,Amalie.Weide@yopmail.com
424,Esmeralda,Garlinda,Esmeralda.Garlinda@yopmail.com
425,Bobinette,Persse,Bobinette.Persse@yopmail.com
426,Kassey,Millda,Kassey.Millda@yopmail.com
427,Di,Elisha,Di.Elisha@yopmail.com
428,Amalie,Christal,Amalie.Christal@yopmail.com
429,Emma,Uird,Emma.Uird@yopmail.com
430,Courtnay,Rustice,Courtnay.Rustice@yopmail.com
431,Dorothy,Carri,Dorothy.Carri@yopmail.com
432,Meriel,Rosalba,Meriel.Rosalba@yopmail.com
433,Luci,Wilkinson,Luci.Wilkinson@yopmail.com
434,Cristabel,Alice,Cristabel.Alice@yopmail.com
435,Talya,Stilwell,Talya.Stilwell@yopmail.com
436,Krystle,Earlie,Krystle.Earlie@yopmail.com
437,Sharai,Gower,Sharai.Gower@yopmail.com
438,Orsola,Bryna,Orsola.Bryna@yopmail.com
439,Asia,Harl,Asia.Harl@yopmail.com
440,Maisey,Goldina,Maisey.Goldina@yopmail.com
441,Odessa,Carlson,Odessa.Carlson@yopmail.com
442,Flory,Bandeen,Flory.Bandeen@yopmail.com
443,Nerta,Bevin,Nerta.Bevin@yopmail.com
444,Helena,Wyn,Helena.Wyn@yopmail.com
445,Katharina,Slifka,Katharina.Slifka@yopmail.com
446,Carlie,Allare,Carlie.Allare@yopmail.com
447,Jacquetta,Hamil,Jacquetta.Hamil@yopmail.com
448,Justinn,Berriman,Justinn.Berriman@yopmail.com
449,Estell,Yoko,Estell.Yoko@yopmail.com
450,Aurelie,Harned,Aurelie.Harned@yopmail.com
451,Jessamyn,Zetta,Jessamyn.Zetta@yopmail.com
452,Cathyleen,Neils,Cathyleen.Neils@yopmail.com
453,Alie,Allare,Alie.Allare@yopmail.com
454,Tori,Vilma,Tori.Vilma@yopmail.com
455,Nicoli,Wesle,Nicoli.Wesle@yopmail.com
456,Jany,Melony,Jany.Melony@yopmail.com
457,Allis,Sancho,Allis.Sancho@yopmail.com
458,Britni,Vernier,Britni.Vernier@yopmail.com
459,Lorne,Tillford,Lorne.Tillford@yopmail.com
460,Carmencita,Olympium,Carmencita.Olympium@yopmail.com
461,Heida,Gusella,Heida.Gusella@yopmail.com
462,Flory,Vittoria,Flory.Vittoria@yopmail.com
463,Fanchon,Orlene,Fanchon.Orlene@yopmail.com
464,Marline,Ezar,Marline.Ezar@yopmail.com
465,Wanda,Dulciana,Wanda.Dulciana@yopmail.com
466,Raf,Merat,Raf.Merat@yopmail.com
467,Ebonee,Rheingold,Ebonee.Rheingold@yopmail.com
468,Dorthy,Maisey,Dorthy.Maisey@yopmail.com
469,Rochette,Nea,Rochette.Nea@yopmail.com
470,Iseabal,Gusella,Iseabal.Gusella@yopmail.com
471,Lucille,Hilbert,Lucille.Hilbert@yopmail.com
472,Inga,Gemini,Inga.Gemini@yopmail.com
473,Hallie,Schlosser,Hallie.Schlosser@yopmail.com
474,Adriana,Hanshaw,Adriana.Hanshaw@yopmail.com
475,Stevana,Hewitt,Stevana.Hewitt@yopmail.com
476,Sheree,Pandolfi,Sheree.Pandolfi@yopmail.com
477,Karlee,Gherardo,Karlee.Gherardo@yopmail.com
478,Emelina,Lesley,Emelina.Lesley@yopmail.com
479,Shirlee,Marsden,Shirlee.Marsden@yopmail.com
480,Clarice,Ball,Clarice.Ball@yopmail.com
481,Madelle,Couture,Madelle.Couture@yopmail.com
482,Frank,Lubin,Frank.Lubin@yopmail.com
483,Angelique,Roumell,Angelique.Roumell@yopmail.com
484,Deedee,Mintz,Deedee.Mintz@yopmail.com
485,Lilith,Berne,Lilith.Berne@yopmail.com
486,Marinna,Tiffa,Marinna.Tiffa@yopmail.com
487,Carree,Capello,Carree.Capello@yopmail.com
488,Angelique,Posner,Angelique.Posner@yopmail.com
489,Max,Anderea,Max.Anderea@yopmail.com
490,Mamie,Chaing,Mamie.Chaing@yopmail.com
491,Ebonee,Sidonius,Ebonee.Sidonius@yopmail.com
492,Lisette,Clywd,Lisette.Clywd@yopmail.com
493,Andeee,Sacken,Andeee.Sacken@yopmail.com
494,Ayn,Cherianne,Ayn.Cherianne@yopmail.com
495,Sallie,Lanita,Sallie.Lanita@yopmail.com
496,Mary,Wittie,Mary.Wittie@yopmail.com
497,Damaris,Alexandr,Damaris.Alexandr@yopmail.com
498,Lynea,Hoban,Lynea.Hoban@yopmail.com
499,Fawne,Ashely,Fawne.Ashely@yopmail.com
500,Emelina,Mozelle,Emelina.Mozelle@yopmail.com