id,first_name,last_name,email
1,Reinhold,Smail,rsmail0@trellian.com
2,Chantal,Kynvin,ckynvin1@constantcontact.com
3,Kimmi,Sooley,ksooley2@unesco.org
4,Becka,Stiven,bstiven3@boston.com
5,Damon,Petersen,dpetersen4@webmd.com
6,Courtnay,Speller,cspeller5@instagram.com
7,Simonne,Talkington,stalkington6@usgs.gov
8,Kienan,Elphee,kelphee7@scribd.com
9,Pollyanna,Markson,pmarkson8@ihg.com
10,Lindie,Hubbucks,lhubbucks9@opera.com
11,Jodi,Curds,jcurdsa@bbc.co.uk
12,Andrus,Gaul,agaulb@wisc.edu
13,Nappie,Yuranovev,nyuranovevc@indiegogo.com
14,Nona,Maskrey,nmaskreyd@123-reg.co.uk
15,Yorke,Ateridge,yateridgee@exblog.jp
16,Bay,Sowman,bsowmanf@va.gov
17,Merrie,Sandiland,msandilandg@phpbb.com
18,Bradley,Eckley,beckleyh@lulu.com
19,Jasen,Karolczyk,jkarolczyki@toplist.cz
20,Gardener,Nealon,gnealonj@apache.org
21,Nedda,Paramor,nparamork@360.cn
22,Lanita,Belvin,lbelvinl@ow.ly
23,Simone,Gimenez,sgimenezm@weebly.com
24,Edmon,Elsey,eelseyn@utexas.edu
25,Carri,Ghent,cghento@nasa.gov
26,Dorthea,Gantzer,dgantzerp@instagram.com
27,Desiree,Crasford,dcrasfordq@alibaba.com
28,Nettle,Morrall,nmorrallr@1und1.de
29,Ardis,Cassimer,acassimers@msn.com
30,Sunny,Collinette,scollinettet@examiner.com
31,Matty,Speachley,mspeachleyu@soup.io
32,Anatola,Abbe,aabbev@washingtonpost.com
33,Gardy,Rizziello,grizziellow@ibm.com
34,Patton,Smither,psmitherx@ihg.com
35,Thibaud,Beardsell,tbeardselly@nature.com
36,Sal,Racine,sracinez@unicef.org
37,Georgetta,Langtry,glangtry10@newyorker.com
38,Jakie,Spinnace,jspinnace11@edublogs.org
39,Pearce,Ridgeway,pridgeway12@blog.com
40,Chris,Smullen,csmullen13@arstechnica.com
41,Eric,Tuckwell,etuckwell14@vkontakte.ru
42,Dillon,Varns,dvarns15@tripod.com
43,Trudie,Huitson,thuitson16@newyorker.com
44,Tailor,Ilive,tilive17@eventbrite.com
45,Codee,Broszkiewicz,cbroszkiewicz18@instagram.com
46,Ambrose,Rockcliff,arockcliff19@fda.gov
47,Erda,McInally,emcinally1a@hhs.gov
48,Bennie,Keiley,bkeiley1b@miitbeian.gov.cn
49,Rowney,Faulconer,rfaulconer1c@unesco.org
50,Odelle,Beever,obeever1d@craigslist.org
51,Jessika,Wegenen,jwegenen1e@redcross.org
52,Quincy,Reiach,qreiach1f@homestead.com
53,Meghann,Pedwell,mpedwell1g@prweb.com
54,Fredra,Thorrington,fthorrington1h@istockphoto.com
55,Correy,Kay,ckay1i@over-blog.com
56,Jemmy,Lghan,jlghan1j@blogs.com
57,Gerick,Brosenius,gbrosenius1k@usgs.gov
58,Jone,Fassbindler,jfassbindler1l@accuweather.com
59,Daffie,Camilletti,dcamilletti1m@gnu.org
60,Adams,Abramamov,aabramamov1n@sun.com
61,Eydie,Sharland,esharland1o@walmart.com
62,Hildagarde,Hawkey,hhawkey1p@skype.com
63,Sauveur,Twelvetrees,stwelvetrees1q@google.com.hk
64,Maible,Lingfoot,mlingfoot1r@wsj.com
65,Elvira,Buesden,ebuesden1s@npr.org
66,Sybil,Kahler,skahler1t@newyorker.com
67,Clo,Bellany,cbellany1u@people.com.cn
68,Kareem,Le Batteur,klebatteur1v@jugem.jp
69,Jennilee,Alliott,jalliott1w@cnbc.com
70,Sutherland,Amesbury,samesbury1x@boston.com
71,Mel,O'Donnelly,modonnelly1y@nbcnews.com
72,Elyn,Sambeck,esambeck1z@myspace.com
73,Sophey,Grollmann,sgrollmann20@washington.edu
74,Jehanna,Fosdike,jfosdike21@pagesperso-orange.fr
75,Emmaline,MattiCCI,ematticci22@hibu.com
76,Alla,Radoux,aradoux23@altervista.org
77,Darrin,Fincken,dfincken24@bandcamp.com
78,Terri-jo,Britt,tbritt25@miitbeian.gov.cn
79,Milena,Pentercost,mpentercost26@shutterfly.com
80,Celinda,Branton,cbranton27@networksolutions.com
81,Whitney,Beverley,wbeverley28@techcrunch.com
82,Kyle,Gowanson,kgowanson29@reuters.com
83,Jose,Caldero,jcaldero2a@vkontakte.ru
84,Tom,Raymen,traymen2b@wordpress.com
85,Rona,Fliege,rfliege2c@archive.org
86,Carmen,Jeskins,cjeskins2d@ucoz.ru
87,Clementina,von Grollmann,cvongrollmann2e@google.com
88,Austine,Sherwen,asherwen2f@vkontakte.ru
89,Vernen,Garry,vgarry2g@prnewswire.com
90,Ferdy,Chetter,fchetter2h@quantcast.com
91,Pat,Dougherty,pdougherty2i@oaic.gov.au
92,Callean,Handke,chandke2j@woothemes.com
93,Janifer,Hennemann,jhennemann2k@about.me
94,Kandy,Aluard,kaluard2l@java.com
95,Alley,Fayerman,afayerman2m@de.vu
96,Lamont,Rubinovici,lrubinovici2n@prweb.com
97,Ivy,Jubert,ijubert2o@cbsnews.com
98,Carla,Slane,cslane2p@e-recht24.de
99,Geri,Wiburn,gwiburn2q@gravatar.com
100,Salim,Oliphand,soliphand2r@networkadvertising.org
101,Andrew,Charte,acharte2s@microsoft.com
102,Sheba,Mouser,smouser2t@psu.edu
103,Augie,Yakunchikov,ayakunchikov2u@live.com
104,Andrei,Hember,ahember2v@webmd.com
105,Verine,Novotne,vnovotne2w@yelp.com
106,Roxanne,Eates,reates2x@i2i.jp
107,Oralla,O' Lone,oolone2y@wordpress.org
108,Elvina,Adger,eadger2z@sitemeter.com
109,Laureen,Banaszewski,lbanaszewski30@google.co.uk
110,Brennen,Erickssen,berickssen31@ed.gov
111,Mel,O'Fergus,mofergus32@sakura.ne.jp
112,Arlena,Dommerque,adommerque33@uiuc.edu
113,Tiebold,Olivari,tolivari34@spotify.com
114,Merna,Squibbs,msquibbs35@google.it
115,Mireielle,Blackater,mblackater36@bbb.org
116,Ivan,Jewers,ijewers37@wired.com
117,Iolanthe,Van der Merwe,ivandermerwe38@amazon.co.jp
118,Kalila,Eubank,keubank39@diigo.com
119,Katharine,Dy,kdy3a@springer.com
120,Dinnie,Peddar,dpeddar3b@hexun.com
121,Trudi,Billsberry,tbillsberry3c@ycombinator.com
122,Darb,Hullett,dhullett3d@si.edu
123,Emile,Freebury,efreebury3e@apple.com
124,Myrtia,Cassie,mcassie3f@mashable.com
125,Hubert,Longmate,hlongmate3g@blogs.com
126,Byrle,Stollery,bstollery3h@about.com
127,Lanae,Medgewick,lmedgewick3i@list-manage.com
128,Lurleen,Bolwell,lbolwell3j@rakuten.co.jp
129,Juana,Pibworth,jpibworth3k@microsoft.com
130,Jdavie,Dreng,jdreng3l@bbc.co.uk
131,Elaina,Stringer,estringer3m@macromedia.com
132,Noak,Sidebotham,nsidebotham3n@amazon.co.uk
133,Cristobal,Vaisey,cvaisey3o@facebook.com
134,Veronika,Laverock,vlaverock3p@php.net
135,Quint,Birkby,qbirkby3q@state.tx.us
136,Staffard,Doudney,sdoudney3r@reverbnation.com
137,Dorothy,Plewman,dplewman3s@technorati.com
138,Percy,Cadwallader,pcadwallader3t@360.cn
139,Chickie,Solomon,csolomon3u@ca.gov
140,Antonio,Frary,afrary3v@tiny.cc
141,Coretta,Pickerill,cpickerill3w@marketwatch.com
142,Nickolas,Culshaw,nculshaw3x@github.io
143,Bat,Boggas,bboggas3y@prlog.org
144,Ev,Kime,ekime3z@answers.com
145,Grenville,Sowersby,gsowersby40@woothemes.com
146,Binnie,De Bischop,bdebischop41@squidoo.com
147,Palmer,Litster,plitster42@google.pl
148,Waiter,Blazevic,wblazevic43@twitter.com
149,Averyl,Murrill,amurrill44@google.fr
150,Burton,Charte,bcharte45@pbs.org
151,Audra,Portis,aportis46@msn.com
152,Alisun,Birdsey,abirdsey47@ft.com
153,Perren,Fuzzey,pfuzzey48@weebly.com
154,Brynne,Duffett,bduffett49@domainmarket.com
155,Melissa,Kimmitt,mkimmitt4a@e-recht24.de
156,Carlynn,Harbert,charbert4b@kickstarter.com
157,Lukas,Snawden,lsnawden4c@epa.gov
158,Norris,Terron,nterron4d@harvard.edu
159,Rafferty,Ranvoise,rranvoise4e@ox.ac.uk
160,Jenine,Iacovacci,jiacovacci4f@thetimes.co.uk
161,Cyndie,Giacobazzi,cgiacobazzi4g@phpbb.com
162,Nola,Stark,nstark4h@apache.org
163,Joshua,Doogood,jdoogood4i@blinklist.com
164,Theodoric,Stobbe,tstobbe4j@howstuffworks.com
165,Wylie,Gisborne,wgisborne4k@washingtonpost.com
166,Ermentrude,Scarffe,escarffe4l@deliciousdays.com
167,Margaux,McNea,mmcnea4m@fotki.com
168,Maddy,Rawson,mrawson4n@netvibes.com
169,Amil,Jerzycowski,ajerzycowski4o@pcworld.com
170,Ora,Finding,ofinding4p@storify.com
171,Saidee,Chene,schene4q@wikispaces.com
172,Meris,Fenna,mfenna4r@facebook.com
173,Philip,Garralts,pgarralts4s@spotify.com
174,Englebert,Earthfield,eearthfield4t@acquirethisname.com
175,Mira,Kemmis,mkemmis4u@oracle.com
176,Mara,Stenet,mstenet4v@jimdo.com
177,Pooh,Luker,pluker4w@multiply.com
178,Inna,Ayto,iayto4x@ycombinator.com
179,Munmro,Pirdy,mpirdy4y@tiny.cc
180,Marjory,Jocelyn,mjocelyn4z@europa.eu
181,Alasdair,Carabet,acarabet50@tripod.com
182,Drugi,McIlveen,dmcilveen51@abc.net.au
183,Saxe,Hastelow,shastelow52@soup.io
184,Josephina,Filchagin,jfilchagin53@toplist.cz
185,Ari,Baggallay,abaggallay54@123-reg.co.uk
186,Imojean,Hopkynson,ihopkynson55@loc.gov
187,Cleve,Seviour,cseviour56@tamu.edu
188,Sheppard,McMenamin,smcmenamin57@cnet.com
189,Cindie,Walicki,cwalicki58@sun.com
190,Joanna,Treanor,jtreanor59@miibeian.gov.cn
191,Yehudi,World,yworld5a@loc.gov
192,Barbra,Taks,btaks5b@ucla.edu
193,Loise,Chesher,lchesher5c@cbsnews.com
194,Gerladina,Garnham,ggarnham5d@biblegateway.com
195,Vin,Brookzie,vbrookzie5e@indiatimes.com
196,Irv,Longshaw,ilongshaw5f@smh.com.au
197,Cross,Morrice,cmorrice5g@sun.com
198,Melinda,Harris,mharris5h@list-manage.com
199,Manon,Navan,mnavan5i@kickstarter.com
200,Hal,Donneely,hdonneely5j@infoseek.co.jp
201,Thomasina,Charles,tcharles5k@bloomberg.com
202,Delphine,Mossop,dmossop5l@washington.edu
203,Reuben,Friatt,rfriatt5m@toplist.cz
204,Gordy,Awcock,gawcock5n@ehow.com
205,Markos,Barff,mbarff5o@seattletimes.com
206,Fawnia,Sier,fsier5p@fastcompany.com
207,Nicol,Graysmark,ngraysmark5q@google.es
208,Ansell,Furtado,afurtado5r@wikimedia.org
209,Jarrod,Bowlesworth,jbowlesworth5s@home.pl
210,Hetti,Skeete,hskeete5t@nba.com
211,Lonni,Doret,ldoret5u@imageshack.us
212,Shane,Falshaw,sfalshaw5v@goo.ne.jp
213,Zebulen,Antliff,zantliff5w@google.es
214,Herold,Tolworth,htolworth5x@netscape.com
215,Kendell,Snozzwell,ksnozzwell5y@squidoo.com
216,Hyacinthia,Eloy,heloy5z@netlog.com
217,Gusta,Piniur,gpiniur60@walmart.com
218,Issie,Wallett,iwallett61@reuters.com
219,Guillemette,Rowat,growat62@google.pl
220,Cornelle,Lacrouts,clacrouts63@yahoo.com
221,Kristos,Twinterman,ktwinterman64@rakuten.co.jp
222,Tirrell,Malek,tmalek65@ucla.edu
223,Mellicent,Clyant,mclyant66@xinhuanet.com
224,Brannon,Bloxam,bbloxam67@tripadvisor.com
225,Bennett,Standbrook,bstandbrook68@yahoo.co.jp
226,Nike,Brittles,nbrittles69@g.co
227,Dew,Osmon,dosmon6a@cbslocal.com
228,Lissa,Frankling,lfrankling6b@nydailynews.com
229,Henry,Lead,hlead6c@wisc.edu
230,Elana,McNeill,emcneill6d@moonfruit.com
231,Augy,Kingett,akingett6e@cmu.edu
232,Temple,Brinsden,tbrinsden6f@live.com
233,Maurene,Arthy,marthy6g@cnn.com
234,Shela,Neenan,sneenan6h@chicagotribune.com
235,Hyman,Berriman,hberriman6i@nytimes.com
236,Vidovic,Grigson,vgrigson6j@archive.org
237,Bailey,Robelin,brobelin6k@bloglines.com
238,Tyler,Dutchburn,tdutchburn6l@tripod.com
239,Bondon,Humfrey,bhumfrey6m@mozilla.org
240,Orren,Whate,owhate6n@google.ca
241,Wilfrid,Fairbourne,wfairbourne6o@oracle.com
242,Tony,Sergean,tsergean6p@home.pl
243,Anatola,Ratlee,aratlee6q@netscape.com
244,Pedro,Siggin,psiggin6r@sohu.com
245,Lil,Hoyles,lhoyles6s@washington.edu
246,Timothy,Geffe,tgeffe6t@techcrunch.com
247,Haskell,Phythien,hphythien6u@odnoklassniki.ru
248,Maison,Houldcroft,mhouldcroft6v@woothemes.com
249,Rusty,MacDiarmid,rmacdiarmid6w@bizjournals.com
250,Timothea,Dodson,tdodson6x@liveinternet.ru
251,Pietro,Roxbrough,proxbrough6y@exblog.jp
252,Corilla,Eneas,ceneas6z@canalblog.com
253,Baillie,Staining,bstaining70@goo.gl
254,Merla,Aspinal,maspinal71@bravesites.com
255,Cristin,Thurling,cthurling72@nytimes.com
256,Kerry,Jaszczak,kjaszczak73@google.it
257,Porter,Bedborough,pbedborough74@usgs.gov
258,Desirae,Vercruysse,dvercruysse75@newyorker.com
259,Cordie,Tyrie,ctyrie76@jiathis.com
260,Lancelot,O'Gavin,logavin77@unc.edu
261,Darcy,Goodright,dgoodright78@yolasite.com
262,Elwood,Spriddle,espriddle79@cnet.com
263,Clair,Harbin,charbin7a@chronoengine.com
264,Symon,Gorwood,sgorwood7b@google.es
265,Hewet,Shurrock,hshurrock7c@netscape.com
266,Jessalin,Bramley,jbramley7d@kickstarter.com
267,Alfons,Mitcheson,amitcheson7e@creativecommons.org
268,Keven,Miklem,kmiklem7f@ocn.ne.jp
269,Northrup,Perdue,nperdue7g@vistaprint.com
270,Alfi,Riseborough,ariseborough7h@newyorker.com
271,Daria,Thirlwell,dthirlwell7i@imageshack.us
272,Perle,Bottleson,pbottleson7j@netscape.com
273,Lanni,Loxly,lloxly7k@rediff.com
274,Alysa,Gammet,agammet7l@forbes.com
275,Lebbie,Bradforth,lbradforth7m@google.ca
276,Helene,Doggett,hdoggett7n@google.com
277,Melisande,Keeble,mkeeble7o@statcounter.com
278,Ignaz,Gatsby,igatsby7p@huffingtonpost.com
279,Honor,Stallybrass,hstallybrass7q@house.gov
280,Di,Glentz,dglentz7r@japanpost.jp
281,Basilius,Zellick,bzellick7s@ft.com
282,Niel,Capper,ncapper7t@nba.com
283,Alley,Baggaley,abaggaley7u@tinypic.com
284,Phil,Phittiplace,pphittiplace7v@businessinsider.com
285,Randal,Sebring,rsebring7w@about.me
286,Henry,Dimitriou,hdimitriou7x@surveymonkey.com
287,Garey,Gask,ggask7y@xinhuanet.com
288,Aldo,Gout,agout7z@unblog.fr
289,Butch,Coldham,bcoldham80@noaa.gov
290,Papagena,Wickett,pwickett81@bizjournals.com
291,Leontine,Pindar,lpindar82@blogger.com
292,Agace,Virgo,avirgo83@psu.edu
293,Madelin,Fletham,mfletham84@instagram.com
294,Davita,Fulop,dfulop85@unblog.fr
295,Fin,Hrus,fhrus86@hugedomains.com
296,Keane,Kencott,kkencott87@deliciousdays.com
297,Kayley,Cottle,kcottle88@twitpic.com
298,Suzi,Tapper,stapper89@exblog.jp
299,Ibrahim,Jelf,ijelf8a@instagram.com
300,Broddie,Scimonelli,bscimonelli8b@geocities.jp
301,Norry,Loker,nloker8c@last.fm
302,Arte,Cattlemull,acattlemull8d@businessinsider.com
303,Hali,Morsom,hmorsom8e@naver.com
304,Petr,Yurov,pyurov8f@hhs.gov
305,Ephrem,Mapstone,emapstone8g@washington.edu
306,Tabby,Loxley,tloxley8h@vk.com
307,Russ,Cleator,rcleator8i@auda.org.au
308,Pryce,Grene,pgrene8j@jugem.jp
309,Helen,Allsobrook,hallsobrook8k@taobao.com
310,Ximenez,Deeley,xdeeley8l@kickstarter.com
311,Gretchen,McIlriach,gmcilriach8m@uol.com.br
312,Britt,Ashenhurst,bashenhurst8n@nba.com
313,Jarrett,Algy,jalgy8o@posterous.com
314,Kaiser,Lysons,klysons8p@reuters.com
315,Shel,MacMichael,smacmichael8q@tamu.edu
316,Lily,Quantick,lquantick8r@tumblr.com
317,Hermine,Cordle,hcordle8s@homestead.com
318,Barbabas,Yeowell,byeowell8t@indiegogo.com
319,Delia,Keld,dkeld8u@hexun.com
320,Lorena,Elstow,lelstow8v@360.cn
321,Rosalynd,Sommerland,rsommerland8w@baidu.com
322,Nannette,Scantleberry,nscantleberry8x@bbc.co.uk
323,Vin,Myner,vmyner8y@samsung.com
324,Fanni,MacCaughen,fmaccaughen8z@people.com.cn
325,Lexis,Asson,lasson90@europa.eu
326,Kristyn,Gookey,kgookey91@joomla.org
327,Jacklin,Duferie,jduferie92@usda.gov
328,Natividad,Tevlin,ntevlin93@blogs.com
329,Marna,Endricci,mendricci94@163.com
330,Wilhelmina,Carr,wcarr95@narod.ru
331,Roby,Mould,rmould96@skyrock.com
332,Carlota,Fewster,cfewster97@shutterfly.com
333,Juanita,Attwool,jattwool98@squidoo.com
334,Tresa,Golborne,tgolborne99@hc360.com
335,Eda,Ringer,eringer9a@oakley.com
336,Gabriellia,Bodham,gbodham9b@slideshare.net
337,Trace,Aronstam,taronstam9c@yahoo.co.jp
338,Lennie,Grishaev,lgrishaev9d@tuttocitta.it
339,Marmaduke,Plaistowe,mplaistowe9e@engadget.com
340,Sena,Fennessy,sfennessy9f@nature.com
341,Nial,Reeken,nreeken9g@w3.org
342,Meredithe,De Maine,mdemaine9h@hao123.com
343,Ronald,Pleuman,rpleuman9i@parallels.com
344,Karita,Widd,kwidd9j@sciencedaily.com
345,Kip,Goodday,kgoodday9k@smh.com.au
346,Kirstyn,Van Merwe,kvanmerwe9l@g.co
347,Jacintha,Chave,jchave9m@amazonaws.com
348,Corrina,Posnett,cposnett9n@washingtonpost.com
349,Oralle,Zorn,ozorn9o@wsj.com
350,Ingrid,Burfield,iburfield9p@altervista.org
351,Marigold,Darragh,mdarragh9q@sciencedirect.com
352,Archie,Mandell,amandell9r@redcross.org
353,Shermy,Snuggs,ssnuggs9s@ehow.com
354,Bobby,Deeble,bdeeble9t@rambler.ru
355,Cyrille,Garett,cgarett9u@ca.gov
356,Betti,Lux,blux9v@nifty.com
357,Natividad,Farquhar,nfarquhar9w@cargocollective.com
358,Ody,Thurley,othurley9x@cisco.com
359,Alfred,Mallock,amallock9y@shop-pro.jp
360,Gloria,Jeenes,gjeenes9z@cam.ac.uk
361,Ulberto,Duffrie,uduffriea0@prweb.com
362,Lavena,Boow,lboowa1@123-reg.co.uk
363,Dunn,Tilly,dtillya2@t.co
364,Johny,Nawton,jnawtona3@nationalgeographic.com
365,Elianora,Braidford,ebraidforda4@free.fr
366,Cristine,Cossington,ccossingtona5@state.tx.us
367,Gil,Chinnock,gchinnocka6@exblog.jp
368,Rea,Olivas,rolivasa7@paginegialle.it
369,Eudora,Simkin,esimkina8@alexa.com
370,Donia,Calvey,dcalveya9@smh.com.au
371,Ewan,Ivshin,eivshinaa@paginegialle.it
372,Dallas,Roadknight,droadknightab@reddit.com
373,Agnese,Kleinstein,akleinsteinac@mtv.com
374,Carry,Clinnick,cclinnickad@paypal.com
375,Dalila,Knappe,dknappeae@huffingtonpost.com
376,Lyndel,Chaffyn,lchaffynaf@engadget.com
377,Reggie,Lalor,rlalorag@mozilla.org
378,Iona,Howitt,ihowittah@mapy.cz
379,Wallas,Crankshaw,wcrankshawai@latimes.com
380,Fonsie,Fairbourne,ffairbourneaj@hud.gov
381,Esme,Wooldridge,ewooldridgeak@nhs.uk
382,Essy,Thornthwaite,ethornthwaiteal@samsung.com
383,Merwyn,Lazell,mlazellam@nytimes.com
384,Lauren,Beaulieu,lbeaulieuan@google.com.au
385,Skipton,Jarrell,sjarrellao@sogou.com
386,Bobby,Cumbers,bcumbersap@mediafire.com
387,Ethelda,Pigrome,epigromeaq@nyu.edu
388,Darrin,Moye,dmoyear@army.mil
389,Menard,Wartnaby,mwartnabyas@mit.edu
390,Krystalle,Keningley,kkeningleyat@de.vu
391,Dierdre,Gozard,dgozardau@sourceforge.net
392,Louie,Bagger,lbaggerav@pinterest.com
393,Shanie,Cordon,scordonaw@nba.com
394,Coreen,Steers,csteersax@creativecommons.org
395,Bay,De La Haye,bdelahayeay@latimes.com
396,Tiler,Lednor,tlednoraz@senate.gov
397,Delainey,Dauney,ddauneyb0@techcrunch.com
398,Adaline,Gagg,agaggb1@1und1.de
399,Annalise,Langmead,alangmeadb2@gizmodo.com
400,Roz,Okenden,rokendenb3@go.com
401,Janos,Wybourne,jwybourneb4@gov.uk
402,Rodolfo,McQuade,rmcquadeb5@360.cn
403,Myca,Meadway,mmeadwayb6@google.nl
404,Ludwig,Clac,lclacb7@dion.ne.jp
405,Ikey,Yokelman,iyokelmanb8@sciencedaily.com
406,Judas,Withnall,jwithnallb9@hibu.com
407,Flossie,Penny,fpennyba@gov.uk
408,Clarence,Matzeitis,cmatzeitisbb@4shared.com
409,Tiffy,Berrie,tberriebc@typepad.com
410,Stanfield,Milton-White,smiltonwhitebd@usgs.gov
411,Bridget,Loveitt,bloveittbe@seattletimes.com
412,Gabriellia,Karlmann,gkarlmannbf@constantcontact.com
413,Nariko,Vowells,nvowellsbg@ameblo.jp
414,Clemmie,Espinosa,cespinosabh@smh.com.au
415,Bibbye,Maffiotti,bmaffiottibi@ustream.tv
416,Ivy,Rosingdall,irosingdallbj@digg.com
417,Cacilia,Bowler,cbowlerbk@home.pl
418,Kinnie,Canet,kcanetbl@nature.com
419,Clarine,Gonzalo,cgonzalobm@mtv.com
420,Guinevere,Mussard,gmussardbn@amazon.com
421,Dorothy,Malshinger,dmalshingerbo@livejournal.com
422,Emeline,Tym,etymbp@jugem.jp
423,Stoddard,Mcasparan,smcasparanbq@cnet.com
424,Adriena,Fillis,afillisbr@reverbnation.com
425,Riane,Brozek,rbrozekbs@eventbrite.com
426,Claudius,Enochsson,cenochssonbt@fastcompany.com
427,Hasty,Maingot,hmaingotbu@nymag.com
428,Kellsie,Eslemont,keslemontbv@nymag.com
429,Benedikta,Penni,bpennibw@oaic.gov.au
430,Leona,Bergeau,lbergeaubx@vinaora.com
431,Jessica,Ambrose,jambroseby@geocities.jp
432,Fin,Biner,fbinerbz@usatoday.com
433,Coleen,Blaxall,cblaxallc0@mit.edu
434,Audrey,Pady,apadyc1@artisteer.com
435,Jasmina,Starbeck,jstarbeckc2@slashdot.org
436,Winne,Rattrie,wrattriec3@cisco.com
437,Tania,Hawkswell,thawkswellc4@mayoclinic.com
438,Tobe,Carnoghan,tcarnoghanc5@scribd.com
439,Wiatt,Pender,wpenderc6@booking.com
440,Phillida,Ponsford,pponsfordc7@nps.gov
441,Caz,Jacobbe,cjacobbec8@economist.com
442,Tessie,Tadlow,ttadlowc9@flavors.me
443,Tildi,Bradmore,tbradmoreca@sfgate.com
444,Codie,Vecard,cvecardcb@wikimedia.org
445,Ervin,McMichell,emcmichellcc@ox.ac.uk
446,Brita,Gillings,bgillingscd@cdbaby.com
447,Wynnie,Kleinber,wkleinberce@yelp.com
448,Marcelline,Karim,mkarimcf@last.fm
449,Elisha,Sach,esachcg@fotki.com
450,Taryn,Guys,tguysch@cnet.com
451,Rogers,Deeks,rdeeksci@uol.com.br
452,Letizia,Alliot,lalliotcj@cyberchimps.com
453,Dix,Fiddyment,dfiddymentck@aboutads.info
454,Zilvia,Forbes,zforbescl@ebay.com
455,Amber,Proppers,apropperscm@icio.us
456,Hugh,Littlewood,hlittlewoodcn@com.com
457,Quentin,Swyre,qswyreco@columbia.edu
458,Alley,Geockle,ageocklecp@utexas.edu
459,Umeko,Ebden,uebdencq@is.gd
460,Daisy,Alwell,dalwellcr@cbsnews.com
461,Janeva,De Meyer,jdemeyercs@cnn.com
462,Mathilda,Everington,meveringtonct@whitehouse.gov
463,Maurits,Whawell,mwhawellcu@t-online.de
464,Killian,Scarre,kscarrecv@goodreads.com
465,Nefen,Gratrix,ngratrixcw@japanpost.jp
466,Benson,Blant,bblantcx@facebook.com
467,George,Beckson,gbecksoncy@hatena.ne.jp
468,Cheryl,Kynton,ckyntoncz@csmonitor.com
469,Bern,Agates,bagatesd0@toplist.cz
470,Dody,Cranfield,dcranfieldd1@chron.com
471,Stormie,Meenehan,smeenehand2@xinhuanet.com
472,Torin,Dewberry,tdewberryd3@feedburner.com
473,Margette,Stanistreet,mstanistreetd4@spiegel.de
474,Sean,Dries,sdriesd5@clickbank.net
475,Armando,Flacknell,aflacknelld6@imdb.com
476,Sollie,MacMakin,smacmakind7@weather.com
477,Nathaniel,Allender,nallenderd8@friendfeed.com
478,Jsandye,Itzkowicz,jitzkowiczd9@tinypic.com
479,Regine,Thatcham,rthatchamda@google.co.jp
480,Eolande,Melley,emelleydb@jugem.jp
481,Brigid,Ayerst,bayerstdc@illinois.edu
482,Dunc,Martynov,dmartynovdd@ocn.ne.jp
483,Nikolai,Rawe,nrawede@pcworld.com
484,Lenna,Leving,llevingdf@about.com
485,Clerkclaude,Bodham,cbodhamdg@icq.com
486,Ariella,Prenty,aprentydh@t.co
487,Olive,Smaile,osmailedi@friendfeed.com
488,Luciana,Tee,lteedj@arstechnica.com
489,Jobey,Chatain,jchataindk@studiopress.com
490,Nana,Baumler,nbaumlerdl@stumbleupon.com
491,Hedda,Scase,hscasedm@ebay.co.uk
492,Kakalina,Brookson,kbrooksondn@rakuten.co.jp
493,Juliane,Warbys,jwarbysdo@businesswire.com
494,Annelise,Burnep,aburnepdp@narod.ru
495,Roby,Dillestone,rdillestonedq@jimdo.com
496,Percival,Branchett,pbranchettdr@ameblo.jp
497,Margarita,Pfaff,mpfaffds@live.com
498,Inglebert,Berks,iberksdt@mtv.com
499,Cayla,Meddick,cmeddickdu@shutterfly.com
500,Antonetta,Handforth,ahandforthdv@fda.gov
501,Augusta,Santostefano.,asantostefanodw@europa.eu
502,Skylar,Roach,sroachdx@nba.com
503,Sidonia,Taysbil,staysbildy@wix.com
504,Joscelin,Schmidt,jschmidtdz@wikia.com
505,Kain,Graalmans,kgraalmanse0@china.com.cn
506,Dag,Jans,djanse1@mysql.com
507,Slade,Castagneto,scastagnetoe2@psu.edu
508,Marcela,Formilli,mformillie3@paginegialle.it
509,Garrard,Crafts,gcraftse4@bigcartel.com
510,Mal,Harvard,mharvarde5@nhs.uk
511,Huntington,Sapauton,hsapautone6@yolasite.com
512,Benedetta,Hoyes,bhoyese7@princeton.edu
513,Bobbette,Pawlata,bpawlatae8@webnode.com
514,Antonina,Lynn,alynne9@google.nl
515,Rollie,Barents,rbarentsea@vkontakte.ru
516,Tobit,Cluelow,tclueloweb@csmonitor.com
517,Christalle,Lytton,clyttonec@admin.ch
518,Ginni,Marchetti,gmarchettied@sun.com
519,Caprice,Gilstoun,cgilstounee@nydailynews.com
520,Mureil,Menlow,mmenlowef@xrea.com
521,Marlowe,Wybourne,mwybourneeg@sakura.ne.jp
522,Sybilla,Snare,ssnareeh@artisteer.com
523,Lemuel,Colbran,lcolbranei@smugmug.com
524,Kit,Babalola,kbabalolaej@npr.org
525,Dredi,Reinbeck,dreinbeckek@linkedin.com
526,Hertha,Hursthouse,hhursthouseel@vk.com
527,Marthe,Churchlow,mchurchlowem@springer.com
528,Madge,Salliss,msallissen@godaddy.com
529,Corabelle,Whyborne,cwhyborneeo@mediafire.com
530,Marie,Trafford,mtraffordep@nytimes.com
531,Donny,O'Howbane,dohowbaneeq@mapy.cz
532,Douglass,Beatson,dbeatsoner@vkontakte.ru
533,Claudian,Newvill,cnewvilles@upenn.edu
534,Yehudi,Shillom,yshillomet@springer.com
535,Jock,Gately,jgatelyeu@amazon.co.jp
536,Ramsay,Udall,rudallev@nifty.com
537,Alison,Sprasen,asprasenew@techcrunch.com
538,Dore,Giraudel,dgiraudelex@dedecms.com
539,Ripley,Rowthorne,rrowthorneey@dot.gov
540,Ange,Standeven,astandevenez@pinterest.com
541,Margaux,Antognoni,mantognonif0@blinklist.com
542,Devi,Gandy,dgandyf1@networkadvertising.org
543,Cyndia,Ballaam,cballaamf2@theglobeandmail.com
544,Lyman,Furness,lfurnessf3@irs.gov
545,Chicky,Clawe,cclawef4@ow.ly
546,Meyer,Zemler,mzemlerf5@last.fm
547,Lara,Delgua,ldelguaf6@yahoo.co.jp
548,Orren,Espine,oespinef7@wsj.com
549,Marielle,Rickardes,mrickardesf8@odnoklassniki.ru
550,Gilly,Willsmore,gwillsmoref9@csmonitor.com
551,Decca,Ferryman,dferrymanfa@cargocollective.com
552,Thomas,Sampson,tsampsonfb@unesco.org
553,Domenic,Aimer,daimerfc@stumbleupon.com
554,Danna,Fleet,dfleetfd@elegantthemes.com
555,Edsel,Bertelsen,ebertelsenfe@flavors.me
556,Darill,Janus,djanusff@taobao.com
557,Amata,Evens,aevensfg@msn.com
558,Devon,Kunzelmann,dkunzelmannfh@google.nl
559,Elicia,Cauderlie,ecauderliefi@redcross.org
560,Daryn,Patterson,dpattersonfj@umich.edu
561,Lionel,Ivanusyev,livanusyevfk@opera.com
562,Mariellen,Miroy,mmiroyfl@domainmarket.com
563,Mae,Longcake,mlongcakefm@bluehost.com
564,Sandy,Daymond,sdaymondfn@buzzfeed.com
565,Sallyanne,Soulsby,ssoulsbyfo@aboutads.info
566,Emery,Tamblyn,etamblynfp@elegantthemes.com
567,Tedman,Halbard,thalbardfq@goo.gl
568,Allard,Gutridge,agutridgefr@lulu.com
569,Roman,Swalowe,rswalowefs@sfgate.com
570,Aubrie,Petran,apetranft@vistaprint.com
571,Tito,Rojahn,trojahnfu@wikispaces.com
572,Merry,Rodell,mrodellfv@yahoo.com
573,Emmalynn,Sleightholm,esleightholmfw@fastcompany.com
574,Tanny,Cringle,tcringlefx@ustream.tv
575,Amberly,Aluard,aaluardfy@sphinn.com
576,Aldin,Sanney,asanneyfz@blogspot.com
577,Corine,Truesdale,ctruesdaleg0@wufoo.com
578,Meir,Bibby,mbibbyg1@de.vu
579,Delaney,Freake,dfreakeg2@hubpages.com
580,Leonore,MacCrossan,lmaccrossang3@skype.com
581,Stella,Pichan,spichang4@icio.us
582,Stacy,McCosh,smccoshg5@over-blog.com
583,Jennie,Foottit,jfoottitg6@washingtonpost.com
584,Gwyneth,Thunders,gthundersg7@plala.or.jp
585,Vergil,Deekes,vdeekesg8@tinyurl.com
586,Benson,Hubback,bhubbackg9@rediff.com
587,Shanan,Trill,strillga@odnoklassniki.ru
588,Eleanora,Trippitt,etrippittgb@mail.ru
589,Even,Adey,eadeygc@uol.com.br
590,Yurik,McCahill,ymccahillgd@smh.com.au
591,Emmerich,Ausiello,eausielloge@theglobeandmail.com
592,Netti,Notley,nnotleygf@cornell.edu
593,Kaela,McAdam,kmcadamgg@latimes.com
594,Hashim,Oliva,holivagh@lulu.com
595,Delano,Farn,dfarngi@usgs.gov
596,Bowie,Richarson,bricharsongj@rediff.com
597,Aurthur,Barstow,abarstowgk@dagondesign.com
598,Ransell,MacDunlevy,rmacdunlevygl@deliciousdays.com
599,Cecilla,Tudor,ctudorgm@mozilla.com
600,Alejandra,Gerbi,agerbign@latimes.com
601,Abbe,Borleace,aborleacego@hatena.ne.jp
602,Cecily,Oxford,coxfordgp@accuweather.com
603,Joanie,Inchboard,jinchboardgq@yellowbook.com
604,Nani,Challen,nchallengr@w3.org
605,Valentina,Toohey,vtooheygs@admin.ch
606,Morlee,Lande,mlandegt@surveymonkey.com
607,Rudd,Bottell,rbottellgu@homestead.com
608,Callida,Vivyan,cvivyangv@nationalgeographic.com
609,Douglas,Bool,dboolgw@vistaprint.com
610,Franny,Christmas,fchristmasgx@freewebs.com
611,Aldridge,Pentony,apentonygy@archive.org
612,Erhart,Skiggs,eskiggsgz@google.it
613,Leena,Ould,louldh0@twitter.com
614,Vivi,Wint,vwinth1@behance.net
615,Sancho,Sheldrake,ssheldrakeh2@imgur.com
616,Missy,Lush,mlushh3@oakley.com
617,Charmain,Wellbank,cwellbankh4@amazon.com
618,Barb,Swetmore,bswetmoreh5@sciencedaily.com
619,Sydney,Czadla,sczadlah6@tiny.cc
620,Claresta,McGilvray,cmcgilvrayh7@chron.com
621,Broddy,Fierro,bfierroh8@geocities.jp
622,Allie,Cawtheray,acawtherayh9@redcross.org
623,Burt,Dockrell,bdockrellha@google.com.hk
624,Montague,Andrzejewski,mandrzejewskihb@myspace.com
625,Perl,Ritchings,pritchingshc@twitpic.com
626,Jannelle,Linturn,jlinturnhd@google.pl
627,Junette,Yerby,jyerbyhe@mysql.com
628,Kennedy,Meeks,kmeekshf@nature.com
629,Darrick,Tompkins,dtompkinshg@tripadvisor.com
630,Florance,Batham,fbathamhh@google.it
631,Anthia,Grzesiak,agrzesiakhi@jalbum.net
632,Ruthe,Rixon,rrixonhj@blinklist.com
633,Beth,Instrell,binstrellhk@cbslocal.com
634,Ruby,McLoughlin,rmcloughlinhl@sbwire.com
635,Carla,Gimblet,cgimblethm@mayoclinic.com
636,Yank,Bissill,ybissillhn@wunderground.com
637,Izak,Cabera,icaberaho@google.pl
638,Murielle,Keyzor,mkeyzorhp@wordpress.org
639,Stevana,Lovat,slovathq@i2i.jp
640,Worth,Klain,wklainhr@flickr.com
641,Pierson,Stancer,pstancerhs@symantec.com
642,Leeland,Axtonne,laxtonneht@bbc.co.uk
643,Jacintha,McGaughay,jmcgaughayhu@networkadvertising.org
644,Catharina,Stranio,cstraniohv@free.fr
645,Sly,Escreet,sescreethw@nifty.com
646,Joanna,Loffill,jloffillhx@squarespace.com
647,Todd,Morfield,tmorfieldhy@economist.com
648,Creighton,Cham,cchamhz@nydailynews.com
649,Silvio,Fley,sfleyi0@youku.com
650,Brynne,Ferrarello,bferrarelloi1@google.com
651,Elmore,Dobey,edobeyi2@e-recht24.de
652,Stormi,Gebb,sgebbi3@xrea.com
653,Bethena,Snaith,bsnaithi4@geocities.com
654,Ainslie,Ackrill,aackrilli5@google.com
655,Noak,Hankin,nhankini6@de.vu
656,Ediva,Rubinlicht,erubinlichti7@123-reg.co.uk
657,Francis,How to preserve,fhowtopreservei8@delicious.com
658,Ursala,Antonelli,uantonellii9@dion.ne.jp
659,Emile,Gorey,egoreyia@soup.io
660,Laurella,Kernaghan,lkernaghanib@vistaprint.com
661,Caitrin,Lodge,clodgeic@unc.edu
662,Gregor,Fransson,gfranssonid@va.gov
663,Susie,Dollin,sdollinie@clickbank.net
664,Shae,Greenstead,sgreensteadif@usda.gov
665,Jamima,Veall,jveallig@yelp.com
666,Karney,McNeish,kmcneishih@yolasite.com
667,Sutherlan,Benez,sbenezii@ft.com
668,Harry,Fantone,hfantoneij@cbc.ca
669,Dwayne,Sebborn,dsebbornik@forbes.com
670,Quincey,Seawell,qseawellil@stanford.edu
671,Randell,Smitham,rsmithamim@nba.com
672,Anselma,Burbidge,aburbidgein@exblog.jp
673,Weylin,Kaasmann,wkaasmannio@rambler.ru
674,Merna,Kareman,mkaremanip@earthlink.net
675,Oneida,Gladdifh,ogladdifhiq@a8.net
676,Genevieve,Bortolotti,gbortolottiir@moonfruit.com
677,Chanda,Dumbelton,cdumbeltonis@weather.com
678,Francyne,Neath,fneathit@slashdot.org
679,Harriot,Matusson,hmatussoniu@engadget.com
680,Norine,Frood,nfroodiv@howstuffworks.com
681,Averil,Whittenbury,awhittenburyiw@npr.org
682,Thomasin,Briton,tbritonix@ucsd.edu
683,Vassili,Pitbladdo,vpitbladdoiy@house.gov
684,Talbot,Larrington,tlarringtoniz@engadget.com
685,Dulcia,McBeith,dmcbeithj0@phpbb.com
686,Scotty,Woodburne,swoodburnej1@nymag.com
687,Denny,Spoure,dspourej2@dropbox.com
688,Korie,Buchanan,kbuchananj3@booking.com
689,Wylma,Eates,weatesj4@free.fr
690,Hamnet,Prise,hprisej5@ox.ac.uk
691,Erminie,Poutress,epoutressj6@ted.com
692,Amargo,Finnis,afinnisj7@netlog.com
693,Lindie,Stanistreet,lstanistreetj8@sciencedaily.com
694,Alanna,Nortcliffe,anortcliffej9@seesaa.net
695,Celinda,Gisburn,cgisburnja@cdbaby.com
696,Berty,Goodie,bgoodiejb@deliciousdays.com
697,Althea,MacRonald,amacronaldjc@oakley.com
698,Carolyn,Everingham,ceveringhamjd@msu.edu
699,Johan,Gladding,jgladdingje@freewebs.com
700,Elissa,Faircloth,efairclothjf@shutterfly.com
701,Cathie,Axel,caxeljg@bloglines.com
702,Giustino,Duchatel,gduchateljh@livejournal.com
703,Bobbye,De Meis,bdemeisji@dell.com
704,Carl,Dusting,cdustingjj@indiegogo.com
705,Mandy,McDugal,mmcdugaljk@un.org
706,Lucinda,Gummery,lgummeryjl@webs.com
707,Garrott,Simon,gsimonjm@sina.com.cn
708,Legra,Lill,llilljn@dyndns.org
709,Chelsea,Monnoyer,cmonnoyerjo@oracle.com
710,Herculie,Halshaw,hhalshawjp@umn.edu
711,Dane,Jennaway,djennawayjq@tripadvisor.com
712,Daphna,Roddy,droddyjr@devhub.com
713,Ferdinand,Klesel,fkleseljs@discovery.com
714,Skip,Tomasutti,stomasuttijt@domainmarket.com
715,Stevana,Twinbrow,stwinbrowju@rambler.ru
716,Retha,Scholard,rscholardjv@thetimes.co.uk
717,Burg,Stormont,bstormontjw@freewebs.com
718,Raffarty,Pickburn,rpickburnjx@ed.gov
719,Brigida,Loines,bloinesjy@artisteer.com
720,Rebeka,Cliss,rclissjz@phoca.cz
721,Carmencita,Duckham,cduckhamk0@printfriendly.com
722,Fanny,Yushin,fyushink1@seattletimes.com
723,Rayner,Housbey,rhousbeyk2@theglobeandmail.com
724,Carlye,Woolatt,cwoolattk3@seattletimes.com
725,Kayle,Guidini,kguidinik4@youtube.com
726,Titos,McGray,tmcgrayk5@cbslocal.com
727,Mathew,Burrells,mburrellsk6@histats.com
728,Falkner,Lynas,flynask7@netlog.com
729,Donnie,Toe,dtoek8@youku.com
730,Gonzalo,Conaboy,gconaboyk9@surveymonkey.com
731,Barby,Yushin,byushinka@hibu.com
732,Paxon,Oxley,poxleykb@phoca.cz
733,Rowena,Spreadbury,rspreadburykc@sciencedirect.com
734,Sabra,Ritch,sritchkd@topsy.com
735,Brigida,Docker,bdockerke@blogs.com
736,Alyda,Sans,asanskf@newyorker.com
737,Chloris,Wolstencroft,cwolstencroftkg@shutterfly.com
738,Rennie,Renouf,rrenoufkh@cnn.com
739,Garth,Fidgeon,gfidgeonki@oaic.gov.au
740,Giuditta,Garcia,ggarciakj@imdb.com
741,Alissa,Balston,abalstonkk@usa.gov
742,Frederic,Eadmeads,feadmeadskl@miibeian.gov.cn
743,Dotti,Doghartie,ddoghartiekm@discuz.net
744,Joseph,Tarn,jtarnkn@linkedin.com
745,Klarrisa,Di Pietro,kdipietroko@dailymail.co.uk
746,Golda,Thoresby,gthoresbykp@blogtalkradio.com
747,Delmore,Weatherburn,dweatherburnkq@vk.com
748,Reuben,Muggleton,rmuggletonkr@blogspot.com
749,Parrnell,Covelle,pcovelleks@google.com.hk
750,Neils,Edgin,nedginkt@nyu.edu
751,Dorian,Foxcroft,dfoxcroftku@imgur.com
752,Jaime,Pusey,jpuseykv@npr.org
753,Jay,Guilliland,jguillilandkw@reverbnation.com
754,Ileana,Gourley,igourleykx@weebly.com
755,Lonee,Nucci,lnucciky@yolasite.com
756,Eal,Goodwell,egoodwellkz@ibm.com
757,Kellie,Curro,kcurrol0@twitpic.com
758,Dilly,Widdowson,dwiddowsonl1@senate.gov
759,Pierrette,Bernardeau,pbernardeaul2@hud.gov
760,Carney,Deval,cdevall3@1688.com
761,Rhianna,Zammett,rzammettl4@free.fr
762,Otis,Cotter,ocotterl5@sciencedirect.com
763,Timmy,Jeckell,tjeckelll6@paypal.com
764,Bevan,Betser,bbetserl7@china.com.cn
765,Giovanna,Bence,gbencel8@printfriendly.com
766,Winston,Echalie,wechaliel9@symantec.com
767,Portie,Fairfoul,pfairfoulla@reddit.com
768,Binni,Wrangle,bwranglelb@amazon.com
769,Pablo,Airds,pairdslc@dailymotion.com
770,Boycie,Kellen,bkellenld@techcrunch.com
771,Carl,Erskin,cerskinle@samsung.com
772,Gearalt,Toffoloni,gtoffolonilf@virginia.edu
773,Roberto,O' Markey,romarkeylg@netscape.com
774,Bobbie,MacTrustam,bmactrustamlh@ustream.tv
775,Krispin,Challinor,kchallinorli@newyorker.com
776,Dolph,Cyphus,dcyphuslj@dailymail.co.uk
777,Blair,Kelmere,bkelmerelk@smh.com.au
778,Rona,Lockney,rlockneyll@stumbleupon.com
779,Malanie,Flegg,mflegglm@wikipedia.org
780,Dione,Dubble,ddubbleln@whitehouse.gov
781,Vasily,Sabin,vsabinlo@ezinearticles.com
782,Aland,Banister,abanisterlp@naver.com
783,Grannie,Bendall,gbendalllq@yellowpages.com
784,Paxton,Brogioni,pbrogionilr@chronoengine.com
785,Coralie,Mahaddy,cmahaddyls@paypal.com
786,Lyndsie,Dickerline,ldickerlinelt@mysql.com
787,Edward,Cullinane,ecullinanelu@marketwatch.com
788,Darline,Blant,dblantlv@independent.co.uk
789,Melesa,De Bernardi,mdebernardilw@microsoft.com
790,Rachel,Zorzenoni,rzorzenonilx@google.com
791,Flor,Meachen,fmeachenly@google.it
792,Mahala,Caustic,mcausticlz@usda.gov
793,Noland,McClaren,nmcclarenm0@trellian.com
794,Roman,Geraghty,rgeraghtym1@samsung.com
795,Roberta,Sallings,rsallingsm2@amazon.de
796,Garrott,Broadbridge,gbroadbridgem3@ebay.co.uk
797,Frank,Rubinsaft,frubinsaftm4@yahoo.com
798,Hirsch,Crumpe,hcrumpem5@de.vu
799,Preston,Summerrell,psummerrellm6@fastcompany.com
800,Zechariah,Malek,zmalekm7@craigslist.org
801,Wandie,Astle,wastlem8@gnu.org
802,Marielle,Van den Velden,mvandenveldenm9@wikispaces.com
803,Dewie,Symon,dsymonma@cornell.edu
804,Shep,Enterle,senterlemb@wikimedia.org
805,Annemarie,Kelcher,akelchermc@dailymotion.com
806,Sauveur,Peirson,speirsonmd@bluehost.com
807,Val,Faber,vfaberme@123-reg.co.uk
808,Darsie,Lugden,dlugdenmf@google.com.hk
809,Jerry,Le Count,jlecountmg@yellowpages.com
810,Thelma,Beauvais,tbeauvaismh@joomla.org
811,Darwin,Reinard,dreinardmi@wikimedia.org
812,Demetris,Lacy,dlacymj@youtube.com
813,Glyn,Palley,gpalleymk@cmu.edu
814,Joellen,Gloves,jglovesml@uol.com.br
815,Chadwick,Buttner,cbuttnermm@mail.ru
816,Ardys,Althrope,aalthropemn@ebay.com
817,Tomaso,Bachelor,tbachelormo@altervista.org
818,Marney,Nyssen,mnyssenmp@house.gov
819,Kass,Layton,klaytonmq@arstechnica.com
820,Saul,Laverty,slavertymr@vkontakte.ru
821,Ogdan,Della Scala,odellascalams@geocities.com
822,Lizzie,Copland,lcoplandmt@last.fm
823,Elaine,Walasik,ewalasikmu@ted.com
824,Iver,Pietrusiak,ipietrusiakmv@nifty.com
825,Eli,Dovey,edoveymw@123-reg.co.uk
826,Sibylle,Pawelski,spawelskimx@baidu.com
827,Anthea,Bellamy,abellamymy@skype.com
828,Verine,Horrell,vhorrellmz@europa.eu
829,Jeanine,Shilvock,jshilvockn0@japanpost.jp
830,Horatia,Hayward,hhaywardn1@tripadvisor.com
831,Kenon,Tosney,ktosneyn2@privacy.gov.au
832,Natal,Pfiffer,npfiffern3@booking.com
833,Marlowe,Hannabus,mhannabusn4@meetup.com
834,Calypso,Causnett,ccausnettn5@etsy.com
835,Siward,Mulleary,smullearyn6@mlb.com
836,Joey,Meaden,jmeadenn7@craigslist.org
837,Robinett,Rigge,rriggen8@ibm.com
838,Hillary,Eller,hellern9@constantcontact.com
839,Chandra,Knowller,cknowllerna@ca.gov
840,Babbie,Linfield,blinfieldnb@abc.net.au
841,Charlean,Rosenbaum,crosenbaumnc@cafepress.com
842,Osbourne,Polgreen,opolgreennd@abc.net.au
843,Wilona,Chedgey,wchedgeyne@senate.gov
844,Cassondra,Allflatt,callflattnf@globo.com
845,Antonin,Dimmock,adimmockng@nyu.edu
846,Michaeline,Edowes,medowesnh@fda.gov
847,Ham,Heape,hheapeni@studiopress.com
848,Ailey,Daud,adaudnj@statcounter.com
849,Gabriela,Hughf,ghughfnk@aboutads.info
850,Kelsy,Duke,kdukenl@artisteer.com
851,Dicky,Gage,dgagenm@people.com.cn
852,Bear,Bonevant,bbonevantnn@yahoo.com
853,Patrica,Vasovic,pvasovicno@unicef.org
854,Lillis,Kryzhov,lkryzhovnp@yandex.ru
855,Orazio,Sambeck,osambecknq@weather.com
856,Wilow,Beaudry,wbeaudrynr@buzzfeed.com
857,Abram,Pembery,apemberyns@google.es
858,Obed,Djakovic,odjakovicnt@sfgate.com
859,Sanford,Guislin,sguislinnu@canalblog.com
860,Humfrid,Blewitt,hblewittnv@si.edu
861,Estele,Piggford,epiggfordnw@miitbeian.gov.cn
862,Annamaria,Jobling,ajoblingnx@reddit.com
863,Linn,Liveley,lliveleyny@rakuten.co.jp
864,Virginia,McBride,vmcbridenz@uiuc.edu
865,Hillie,Emson,hemsono0@imdb.com
866,Friederike,Bewley,fbewleyo1@whitehouse.gov
867,Ram,Hinz,rhinzo2@forbes.com
868,Maury,Ingerson,mingersono3@psu.edu
869,Basia,Smallthwaite,bsmallthwaiteo4@va.gov
870,Urson,Barta,ubartao5@canalblog.com
871,Vasili,Condell,vcondello6@1688.com
872,Robinia,Chant,rchanto7@engadget.com
873,Babbette,Quickenden,bquickendeno8@hugedomains.com
874,Ruby,MacDowal,rmacdowalo9@fastcompany.com
875,Terrance,Geindre,tgeindreoa@cafepress.com
876,Ripley,Neve,rneveob@fema.gov
877,Theresina,Dikle,tdikleoc@printfriendly.com
878,Ax,Bollin,abollinod@alibaba.com
879,Gisele,Melior,gmelioroe@slate.com
880,Wye,Kingerby,wkingerbyof@vinaora.com
881,Andreas,Dreye,adreyeog@comcast.net
882,Petronella,Beckham,pbeckhamoh@php.net
883,Antoinette,MacGilmartin,amacgilmartinoi@topsy.com
884,Myrtie,Saunderson,msaundersonoj@cyberchimps.com
885,Rosaline,Sabati,rsabatiok@multiply.com
886,Gerhard,Oldfield,goldfieldol@weibo.com
887,Reade,Gudger,rgudgerom@msu.edu
888,Kara,Tabbitt,ktabbitton@hud.gov
889,Emanuel,Wellbelove,ewellbeloveoo@comsenz.com
890,Krishna,Outridge,koutridgeop@wp.com
891,Terence,Martinson,tmartinsonoq@addtoany.com
892,Adair,Calladine,acalladineor@ocn.ne.jp
893,Hortensia,Mamwell,hmamwellos@berkeley.edu
894,Mireielle,Murrells,mmurrellsot@elpais.com
895,Wallache,Mee,wmeeou@unesco.org
896,Evy,Rosenwald,erosenwaldov@craigslist.org
897,Elton,Paslow,epaslowow@ed.gov
898,Zachariah,Azemar,zazemarox@twitter.com
899,Raymond,Fencott,rfencottoy@sohu.com
900,Nannie,Bedle,nbedleoz@sciencedirect.com
901,Valentine,Porch,vporchp0@taobao.com
902,Urbano,Skermer,uskermerp1@upenn.edu
903,Mathew,Filippo,mfilippop2@ftc.gov
904,Harley,Peasby,hpeasbyp3@storify.com
905,Alvis,Widdows,awiddowsp4@furl.net
906,Marji,Kite,mkitep5@businessweek.com
907,Brina,Cajkler,bcajklerp6@hubpages.com
908,Ash,Yurkevich,ayurkevichp7@yale.edu
909,Frants,Gower,fgowerp8@youku.com
910,Ferrell,Weir,fweirp9@nymag.com
911,Lalo,Fridaye,lfridayepa@fda.gov
912,Drusie,Murkus,dmurkuspb@stumbleupon.com
913,Kirsten,Tofful,ktoffulpc@marketwatch.com
914,Marchelle,Shankland,mshanklandpd@accuweather.com
915,Darbie,MacKessock,dmackessockpe@earthlink.net
916,Wilie,Canto,wcantopf@csmonitor.com
917,Christyna,Hartnup,chartnuppg@europa.eu
918,Gertrudis,Lathwood,glathwoodph@networksolutions.com
919,Joeann,Gatling,jgatlingpi@networkadvertising.org
920,Jacques,Tween,jtweenpj@auda.org.au
921,Valene,Tinston,vtinstonpk@technorati.com
922,Gayler,Barnfather,gbarnfatherpl@deliciousdays.com
923,Brigitta,Hayball,bhayballpm@google.co.uk
924,Dyan,Stollmeyer,dstollmeyerpn@businessweek.com
925,Karlie,Izakoff,kizakoffpo@blinklist.com
926,Aharon,Widdowes,awiddowespp@reverbnation.com
927,Dasya,Gerhold,dgerholdpq@loc.gov
928,Johanna,Ouchterlony,jouchterlonypr@51.la
929,Jamima,Quigg,jquiggps@t.co
930,Yuma,Salterne,ysalternept@drupal.org
931,Mateo,Frankham,mfrankhampu@pagesperso-orange.fr
932,Akim,Dymidowski,adymidowskipv@tinypic.com
933,Franni,Cheeney,fcheeneypw@cdbaby.com
934,Freedman,Walsh,fwalshpx@mozilla.com
935,Trace,Sandells,tsandellspy@shareasale.com
936,Hilary,Smithen,hsmithenpz@issuu.com
937,Rodina,Burlay,rburlayq0@princeton.edu
938,Basil,Bartoletti,bbartolettiq1@liveinternet.ru
939,Guilbert,Szimoni,gszimoniq2@hp.com
940,Dulcea,Spens,dspensq3@auda.org.au
941,Bennie,Denning,bdenningq4@canalblog.com
942,Cybill,Vasilenko,cvasilenkoq5@chron.com
943,Arleyne,Tonsley,atonsleyq6@ocn.ne.jp
944,Deonne,Feldklein,dfeldkleinq7@amazonaws.com
945,Coletta,Lorente,clorenteq8@vkontakte.ru
946,Jedediah,Kirk,jkirkq9@economist.com
947,Hollyanne,Ivens,hivensqa@hao123.com
948,Boonie,Roostan,broostanqb@feedburner.com
949,Adelind,Hardwell,ahardwellqc@un.org
950,Camel,Rosenfelder,crosenfelderqd@wired.com
951,Kamilah,Castangia,kcastangiaqe@printfriendly.com
952,Vernen,Cavy,vcavyqf@nationalgeographic.com
953,Darryl,Fell,dfellqg@hp.com
954,Edee,Gooble,egoobleqh@purevolume.com
955,Justino,Curnokk,jcurnokkqi@howstuffworks.com
956,Lydia,Ritchings,lritchingsqj@woothemes.com
957,Cal,Petrasso,cpetrassoqk@t-online.de
958,Gabriel,Armatage,garmatageql@usgs.gov
959,Jessey,Sheer,jsheerqm@prweb.com
960,Briana,Bareham,bbarehamqn@nature.com
961,Regen,Klugel,rklugelqo@constantcontact.com
962,Alys,Whitechurch,awhitechurchqp@who.int
963,Ramon,Stubbins,rstubbinsqq@nbcnews.com
964,Ronalda,Colebourn,rcolebournqr@networksolutions.com
965,Mort,Volleth,mvollethqs@cdbaby.com
966,Truda,Sickamore,tsickamoreqt@cdbaby.com
967,Donnell,Ireland,direlandqu@hp.com
968,Whit,Hrishanok,whrishanokqv@mail.ru
969,Sarita,McCuish,smccuishqw@nationalgeographic.com
970,Kipp,Farlamb,kfarlambqx@gmpg.org
971,Neils,Maffei,nmaffeiqy@forbes.com
972,Bonny,Ondrasek,bondrasekqz@bloglovin.com
973,Latashia,Jaggli,ljagglir0@smh.com.au
974,Lorilee,Magrannell,lmagrannellr1@vk.com
975,Iormina,Kienzle,ikienzler2@mozilla.org
976,Hedda,McGilben,hmcgilbenr3@mashable.com
977,Brodie,Braithwaite,bbraithwaiter4@berkeley.edu
978,Lydia,Gillitt,lgillittr5@diigo.com
979,Flor,Courtenay,fcourtenayr6@reference.com
980,Angelique,Czaple,aczapler7@simplemachines.org
981,Meriel,Beckhurst,mbeckhurstr8@umn.edu
982,Perle,Duckinfield,pduckinfieldr9@xinhuanet.com
983,Rochelle,Follan,rfollanra@ask.com
984,Fax,Snugg,fsnuggrb@ft.com
985,Bartlett,Ketchaside,bketchasiderc@smh.com.au
986,Adrea,Inglish,ainglishrd@google.com.br
987,Ardelle,Clymer,aclymerre@storify.com
988,Mahmoud,Mityashev,mmityashevrf@prlog.org
989,Gwennie,Euston,geustonrg@weibo.com
990,Iosep,Chimes,ichimesrh@auda.org.au
991,Evy,Calven,ecalvenri@artisteer.com
992,Eleanora,Guiducci,eguiduccirj@mysql.com
993,Charley,Chrestien,cchrestienrk@e-recht24.de
994,Vinnie,Ohm,vohmrl@ask.com
995,Inigo,Boulstridge,iboulstridgerm@shop-pro.jp
996,Saxe,Mickan,smickanrn@ameblo.jp
997,Arel,Bursnell,abursnellro@unblog.fr
998,Care,Maywood,cmaywoodrp@hatena.ne.jp
999,Marcile,Attyeo,mattyeorq@mayoclinic.com
1000,Chet,Stothard,cstothardrr@zimbio.com
1,Merry,Carleen,Merry.Carleen@yopmail.com
2,Aryn,Ellerey,Aryn.Ellerey@yopmail.com
3,Rosabelle,Garbe,Rosabelle.Garbe@yopmail.com
4,Fina,Skurnik,Fina.Skurnik@yopmail.com
5,Mady,Sharl,Mady.Sharl@yopmail.com
6,Xylina,Konyn,Xylina.Konyn@yopmail.com
7,Valeda,Aurelio,Valeda.Aurelio@yopmail.com
8,Mahalia,Catie,Mahalia.Catie@yopmail.com
9,Pollyanna,Janith,Pollyanna.Janith@yopmail.com
10,Giustina,Himelman,Giustina.Himelman@yopmail.com
11,Jemie,Ajay,Jemie.Ajay@yopmail.com
12,Beverley,Niccolo,Beverley.Niccolo@yopmail.com
13,Rhoda,Oster,Rhoda.Oster@yopmail.com
14,Letizia,Belldas,Letizia.Belldas@yopmail.com
15,Hermione,Sheng,Hermione.Sheng@yopmail.com
16,Dania,Estella,Dania.Estella@yopmail.com
17,Basia,Atonsah,Basia.Atonsah@yopmail.com
18,Verla,Darian,Verla.Darian@yopmail.com
19,Paulita,Chabot,Paulita.Chabot@yopmail.com
20,Sheelagh,Bonucci,Sheelagh.Bonucci@yopmail.com
21,Hannis,MacIntosh,Hannis.MacIntosh@yopmail.com
22,Maisey,Mike,Maisey.Mike@yopmail.com
23,Krystle,Pip,Krystle.Pip@yopmail.com
24,Nananne,Jess,Nananne.Jess@yopmail.com
25,Monika,Flyn,Monika.Flyn@yopmail.com
26,Melanie,Cadmar,Melanie.Cadmar@yopmail.com
27,Candi,Anestassia,Candi.Anestassia@yopmail.com
28,Max,Fadiman,Max.Fadiman@yopmail.com
29,Shauna,Ellord,Shauna.Ellord@yopmail.com
30,Shandie,Ackerley,Shandie.Ackerley@yopmail.com
31,Alia,Belldas,Alia.Belldas@yopmail.com
32,Minda,Peti,Minda.Peti@yopmail.com
33,Cam,Carey,Cam.Carey@yopmail.com
34,Gabi,Mitzi,Gabi.Mitzi@yopmail.com
35,Sadie,Willie,Sadie.Willie@yopmail.com
36,Sashenka,Damarra,Sashenka.Damarra@yopmail.com
37,Lexine,Warthman,Lexine.Warthman@yopmail.com
38,Roz,Mich,Roz.Mich@yopmail.com
39,Giustina,Bohlin,Giustina.Bohlin@yopmail.com
40,Ottilie,Brady,Ottilie.Brady@yopmail.com
41,Jorry,Lindemann,Jorry.Lindemann@yopmail.com
42,Kary,Martguerita,Kary.Martguerita@yopmail.com
43,Netty,Moina,Netty.Moina@yopmail.com
44,Beverley,Chabot,Beverley.Chabot@yopmail.com
45,Netty,Wattenberg,Netty.Wattenberg@yopmail.com
46,Correy,Wittie,Correy.Wittie@yopmail.com
47,Gabriellia,Hurley,Gabriellia.Hurley@yopmail.com
48,Madeleine,Wolfgram,Madeleine.Wolfgram@yopmail.com
49,Mamie,Ethban,Mamie.Ethban@yopmail.com
50,Dulce,Wittie,Dulce.Wittie@yopmail.com
51,Gretal,Nadia,Gretal.Nadia@yopmail.com
52,Melodie,Himelman,Melodie.Himelman@yopmail.com
53,Ursulina,Campball,Ursulina.Campball@yopmail.com
54,Tori,Gombach,Tori.Gombach@yopmail.com
55,Alexine,Drisko,Alexine.Drisko@yopmail.com
56,Raquela,Persse,Raquela.Persse@yopmail.com
57,Molli,Gert,Molli.Gert@yopmail.com
58,Averyl,Guthrie,Averyl.Guthrie@yopmail.com
59,Dulcinea,Jarib,Dulcinea.Jarib@yopmail.com
60,Odessa,Neva,Odessa.Neva@yopmail.com
61,Estell,Primalia,Estell.Primalia@yopmail.com
62,Nicoli,Idelia,Nicoli.Idelia@yopmail.com
63,Phylis,Scammon,Phylis.Scammon@yopmail.com
64,Nyssa,Urania,Nyssa.Urania@yopmail.com
65,Anthia,Primalia,Anthia.Primalia@yopmail.com
66,Dotty,Wu,Dotty.Wu@yopmail.com
67,Cathyleen,Dash,Cathyleen.Dash@yopmail.com
68,June,Stanwood,June.Stanwood@yopmail.com
69,Peri,Weinreb,Peri.Weinreb@yopmail.com
70,Bee,Fredi,Bee.Fredi@yopmail.com
71,Alie,Dearborn,Alie.Dearborn@yopmail.com
72,Debee,Joeann,Debee.Joeann@yopmail.com
73,Adelle,Tomasina,Adelle.Tomasina@yopmail.com
74,Danika,Lasley,Danika.Lasley@yopmail.com
75,Lusa,Penelopa,Lusa.Penelopa@yopmail.com
76,Codie,Nickola,Codie.Nickola@yopmail.com
77,Sadie,Uund,Sadie.Uund@yopmail.com
78,Maryellen,Sigfrid,Maryellen.Sigfrid@yopmail.com
79,Inga,Kravits,Inga.Kravits@yopmail.com
80,Cissiee,Lissi,Cissiee.Lissi@yopmail.com
81,Winifred,Jammal,Winifred.Jammal@yopmail.com
82,Kial,Xerxes,Kial.Xerxes@yopmail.com
83,Natka,Rubie,Natka.Rubie@yopmail.com
84,Alex,Weaks,Alex.Weaks@yopmail.com
85,Priscilla,Fadiman,Priscilla.Fadiman@yopmail.com
86,Neila,Wilona,Neila.Wilona@yopmail.com
87,Tabbatha,Fillbert,Tabbatha.Fillbert@yopmail.com
88,Aigneis,Carleen,Aigneis.Carleen@yopmail.com
89,Calla,Madox,Calla.Madox@yopmail.com
90,Siana,Sharl,Siana.Sharl@yopmail.com
91,Lauryn,Gert,Lauryn.Gert@yopmail.com
92,Joy,Harday,Joy.Harday@yopmail.com
93,Ira,Stoller,Ira.Stoller@yopmail.com
94,Caressa,Engdahl,Caressa.Engdahl@yopmail.com
95,Tonia,Center,Tonia.Center@yopmail.com
96,Emmey,Bobbee,Emmey.Bobbee@yopmail.com
97,Daune,Sothena,Daune.Sothena@yopmail.com
98,Gloria,Erlandson,Gloria.Erlandson@yopmail.com
99,Carlie,Wandie,Carlie.Wandie@yopmail.com
100,Robinia,Bendick,Robinia.Bendick@yopmail.com
101,Dorothy,Carri,Dorothy.Carri@yopmail.com
102,Tatiania,Quinn,Tatiania.Quinn@yopmail.com
103,Phylis,Montgomery,Phylis.Montgomery@yopmail.com
104,Felice,Erb,Felice.Erb@yopmail.com
105,Ketti,Scammon,Ketti.Scammon@yopmail.com
106,Damaris,Cath,Damaris.Cath@yopmail.com
107,Ardys,Buffum,Ardys.Buffum@yopmail.com
108,Gianina,Martsen,Gianina.Martsen@yopmail.com
109,Caritta,Jaylene,Caritta.Jaylene@yopmail.com
110,Vevay,Stanwood,Vevay.Stanwood@yopmail.com
111,Hyacinthe,Fadiman,Hyacinthe.Fadiman@yopmail.com
112,Gilda,Yusuk,Gilda.Yusuk@yopmail.com
113,Elie,Ciapas,Elie.Ciapas@yopmail.com
114,Trixi,Zetta,Trixi.Zetta@yopmail.com
115,Lorne,Delila,Lorne.Delila@yopmail.com
116,Celene,Tippets,Celene.Tippets@yopmail.com
117,Sharlene,Wind,Sharlene.Wind@yopmail.com
118,Marinna,Brieta,Marinna.Brieta@yopmail.com
119,Gui,Haymes,Gui.Haymes@yopmail.com
120,Alejandra,Vivle,Alejandra.Vivle@yopmail.com
121,Gretal,Thomasina,Gretal.Thomasina@yopmail.com
122,Angela,Linehan,Angela.Linehan@yopmail.com
123,Genovera,Ferino,Genovera.Ferino@yopmail.com
124,Gerianna,Ferino,Gerianna.Ferino@yopmail.com
125,Ronna,Diann,Ronna.Diann@yopmail.com
126,Cyb,Ethban,Cyb.Ethban@yopmail.com
127,Jorry,Frendel,Jorry.Frendel@yopmail.com
128,Zondra,Claudine,Zondra.Claudine@yopmail.com
129,Leia,Prober,Leia.Prober@yopmail.com
130,Clementine,Sothena,Clementine.Sothena@yopmail.com
131,Robinia,Stanwood,Robinia.Stanwood@yopmail.com
132,Elvira,Margret,Elvira.Margret@yopmail.com
133,Adore,Borrell,Adore.Borrell@yopmail.com
134,Alisha,Quent,Alisha.Quent@yopmail.com
135,Berget,Teryn,Berget.Teryn@yopmail.com
136,Adelle,Wallis,Adelle.Wallis@yopmail.com
137,Lacie,Joeann,Lacie.Joeann@yopmail.com
138,Gertrud,Sawtelle,Gertrud.Sawtelle@yopmail.com
139,Glenda,Adalbert,Glenda.Adalbert@yopmail.com
140,Frances,Bettine,Frances.Bettine@yopmail.com
141,Imojean,Garbe,Imojean.Garbe@yopmail.com
142,Shauna,Loring,Shauna.Loring@yopmail.com
143,Dorothy,Maurine,Dorothy.Maurine@yopmail.com
144,Ivett,Durante,Ivett.Durante@yopmail.com
145,Lonnie,Zuzana,Lonnie.Zuzana@yopmail.com
146,Selma,Ruvolo,Selma.Ruvolo@yopmail.com
147,Elyssa,Dielu,Elyssa.Dielu@yopmail.com
148,Madeleine,Weinreb,Madeleine.Weinreb@yopmail.com
149,Clary,Sperling,Clary.Sperling@yopmail.com
150,Rivalee,Khorma,Rivalee.Khorma@yopmail.com
151,Kylynn,Llovera,Kylynn.Llovera@yopmail.com
152,Lisette,Dearborn,Lisette.Dearborn@yopmail.com
153,Alleen,Prober,Alleen.Prober@yopmail.com
154,Ellette,Sinegold,Ellette.Sinegold@yopmail.com
155,Amalie,Velick,Amalie.Velick@yopmail.com
156,Mathilda,Bord,Mathilda.Bord@yopmail.com
157,Maurene,Hieronymus,Maurene.Hieronymus@yopmail.com
158,Blake,Ioab,Blake.Ioab@yopmail.com
159,Tressa,Bluh,Tressa.Bluh@yopmail.com
160,Carree,Andrel,Carree.Andrel@yopmail.com
161,Elmira,Ammann,Elmira.Ammann@yopmail.com
162,Alejandra,Brotherson,Alejandra.Brotherson@yopmail.com
163,Georgetta,Minetta,Georgetta.Minetta@yopmail.com
164,Nickie,Hortensia,Nickie.Hortensia@yopmail.com
165,Gale,Tound,Gale.Tound@yopmail.com
166,Pamella,Caitlin,Pamella.Caitlin@yopmail.com
167,Brandise,Bettine,Brandise.Bettine@yopmail.com
168,Beatriz,Fry,Beatriz.Fry@yopmail.com
169,Maridel,Darrell,Maridel.Darrell@yopmail.com
170,Paule,Blase,Paule.Blase@yopmail.com
171,Laure,Dash,Laure.Dash@yopmail.com
172,Dawn,Abram,Dawn.Abram@yopmail.com
173,Codie,Shaddock,Codie.Shaddock@yopmail.com
174,Ottilie,Stuart,Ottilie.Stuart@yopmail.com
175,Flo,Maisey,Flo.Maisey@yopmail.com
176,Allis,Selway,Allis.Selway@yopmail.com
177,Marline,Zachary,Marline.Zachary@yopmail.com
178,Anestassia,Wolfgram,Anestassia.Wolfgram@yopmail.com
179,Bobinette,Zitvaa,Bobinette.Zitvaa@yopmail.com
180,Elsie,Weide,Elsie.Weide@yopmail.com
181,Binny,Georas,Binny.Georas@yopmail.com
182,Dione,Tarrant,Dione.Tarrant@yopmail.com
183,Tarra,Khorma,Tarra.Khorma@yopmail.com
184,Justinn,Dannye,Justinn.Dannye@yopmail.com
185,Ulrike,Llovera,Ulrike.Llovera@yopmail.com
186,Gilda,Birdella,Gilda.Birdella@yopmail.com
187,Lilith,Fitzsimmons,Lilith.Fitzsimmons@yopmail.com
188,Tera,Frendel,Tera.Frendel@yopmail.com
189,Josephine,Annabella,Josephine.Annabella@yopmail.com
190,Kaia,Birdella,Kaia.Birdella@yopmail.com
191,Roxane,Kravits,Roxane.Kravits@yopmail.com
192,Daune,Amand,Daune.Amand@yopmail.com
193,Gusty,Kirbee,Gusty.Kirbee@yopmail.com
194,Chrystel,Seligman,Chrystel.Seligman@yopmail.com
195,Cyndie,Velick,Cyndie.Velick@yopmail.com
196,Maryellen,Abbot,Maryellen.Abbot@yopmail.com
197,Monika,Markman,Monika.Markman@yopmail.com
198,Shel,Harl,Shel.Harl@yopmail.com
199,Dorene,Stover,Dorene.Stover@yopmail.com
200,Farrah,Elephus,Farrah.Elephus@yopmail.com
201,Petronia,Sidonius,Petronia.Sidonius@yopmail.com
202,Louella,Hoenack,Louella.Hoenack@yopmail.com
203,Karolina,Dunkin,Karolina.Dunkin@yopmail.com
204,Taffy,Carey,Taffy.Carey@yopmail.com
205,Nataline,Slifka,Nataline.Slifka@yopmail.com
206,Sherrie,Rheingold,Sherrie.Rheingold@yopmail.com
207,Gwyneth,Lanita,Gwyneth.Lanita@yopmail.com
208,Siana,Tound,Siana.Tound@yopmail.com
209,Cristabel,Jalbert,Cristabel.Jalbert@yopmail.com
210,Elfreda,Wesle,Elfreda.Wesle@yopmail.com
211,Kial,Millda,Kial.Millda@yopmail.com
212,Adriana,Rheingold,Adriana.Rheingold@yopmail.com
213,Imojean,Beebe,Imojean.Beebe@yopmail.com
214,Stacey,Nea,Stacey.Nea@yopmail.com
215,Paola,Allare,Paola.Allare@yopmail.com
216,Kimberley,Laurianne,Kimberley.Laurianne@yopmail.com
217,Celisse,Iphlgenia,Celisse.Iphlgenia@yopmail.com
218,Chloris,Anton,Chloris.Anton@yopmail.com
219,Kary,Rosette,Kary.Rosette@yopmail.com
220,Blinni,Krystle,Blinni.Krystle@yopmail.com
221,Kittie,Taima,Kittie.Taima@yopmail.com
222,Merle,Ailyn,Merle.Ailyn@yopmail.com
223,Margalo,Payson,Margalo.Payson@yopmail.com
224,Madeleine,Amadas,Madeleine.Amadas@yopmail.com
225,Marsiella,Lasley,Marsiella.Lasley@yopmail.com
226,Brena,Adrienne,Brena.Adrienne@yopmail.com
227,Alejandra,Aida,Alejandra.Aida@yopmail.com
228,Ira,Simmonds,Ira.Simmonds@yopmail.com
229,Linet,Dom,Linet.Dom@yopmail.com
230,Phylis,Nikaniki,Phylis.Nikaniki@yopmail.com
231,Fred,Gillan,Fred.Gillan@yopmail.com
232,Aimil,Elsinore,Aimil.Elsinore@yopmail.com
233,Drucie,Joachim,Drucie.Joachim@yopmail.com
234,Glynnis,Rad,Glynnis.Rad@yopmail.com
235,Cristabel,Ingra,Cristabel.Ingra@yopmail.com
236,Courtnay,Podvin,Courtnay.Podvin@yopmail.com
237,Daryl,Yam,Daryl.Yam@yopmail.com
238,Corry,Wadell,Corry.Wadell@yopmail.com
239,Myriam,Amasa,Myriam.Amasa@yopmail.com
240,Candi,Trace,Candi.Trace@yopmail.com
241,Elfreda,Bury,Elfreda.Bury@yopmail.com
242,Carmencita,Helfand,Carmencita.Helfand@yopmail.com
243,Alie,Odell,Alie.Odell@yopmail.com
244,Mahalia,Bobbee,Mahalia.Bobbee@yopmail.com
245,Aurore,Ingra,Aurore.Ingra@yopmail.com
246,Dolli,Fleeta,Dolli.Fleeta@yopmail.com
247,Moyna,Noam,Moyna.Noam@yopmail.com
248,Dorothy,Graig,Dorothy.Graig@yopmail.com
249,Tina,Modie,Tina.Modie@yopmail.com
250,Karina,Shama,Karina.Shama@yopmail.com
251,Odessa,Zitvaa,Odessa.Zitvaa@yopmail.com
252,Fred,Tufts,Fred.Tufts@yopmail.com
253,Edith,Randene,Edith.Randene@yopmail.com
254,Frances,Janene,Frances.Janene@yopmail.com
255,Blinni,Fulmer,Blinni.Fulmer@yopmail.com
256,Elmira,Corabella,Elmira.Corabella@yopmail.com
257,Ginnie,Engdahl,Ginnie.Engdahl@yopmail.com
258,Rayna,Greyson,Rayna.Greyson@yopmail.com
259,Christian,Elisha,Christian.Elisha@yopmail.com
260,Hannis,Dash,Hannis.Dash@yopmail.com
261,Nariko,Sheng,Nariko.Sheng@yopmail.com
262,Kirstin,Mitzi,Kirstin.Mitzi@yopmail.com
263,Raquela,Clywd,Raquela.Clywd@yopmail.com
264,Ezmeralda,Edvard,Ezmeralda.Edvard@yopmail.com
265,Wanda,Lia,Wanda.Lia@yopmail.com
266,Marti,Tamar,Marti.Tamar@yopmail.com
267,Brana,Serilda,Brana.Serilda@yopmail.com
268,Correy,Fleeta,Correy.Fleeta@yopmail.com
269,Modestia,Ashely,Modestia.Ashely@yopmail.com
270,Maud,Rosette,Maud.Rosette@yopmail.com
271,Danny,Caitlin,Danny.Caitlin@yopmail.com
272,Janis,Suanne,Janis.Suanne@yopmail.com
273,Darlleen,Vittoria,Darlleen.Vittoria@yopmail.com
274,Shel,Yoko,Shel.Yoko@yopmail.com
275,Riannon,Mike,Riannon.Mike@yopmail.com
276,Gilligan,Hunfredo,Gilligan.Hunfredo@yopmail.com
277,Willetta,Baylor,Willetta.Baylor@yopmail.com
278,Sissy,Barrus,Sissy.Barrus@yopmail.com
279,Barbi,Montgomery,Barbi.Montgomery@yopmail.com
280,Joleen,Masao,Joleen.Masao@yopmail.com
281,Ingrid,Si,Ingrid.Si@yopmail.com
282,Taffy,Arley,Taffy.Arley@yopmail.com
283,Tani,Sheng,Tani.Sheng@yopmail.com
284,Di,Howlyn,Di.Howlyn@yopmail.com
285,Kelly,Wooster,Kelly.Wooster@yopmail.com
286,Genevra,Ruvolo,Genevra.Ruvolo@yopmail.com
287,Leeanne,Randene,Leeanne.Randene@yopmail.com
288,Gusella,Daniele,Gusella.Daniele@yopmail.com
289,Janeczka,Ambrosia,Janeczka.Ambrosia@yopmail.com
290,Lorne,Billye,Lorne.Billye@yopmail.com
291,Sadie,Mathilde,Sadie.Mathilde@yopmail.com
292,Raquela,Scammon,Raquela.Scammon@yopmail.com
293,Shandie,Rolf,Shandie.Rolf@yopmail.com
294,Teriann,Cutlerr,Teriann.Cutlerr@yopmail.com
295,Deane,Moseley,Deane.Moseley@yopmail.com
296,Allyce,Ruvolo,Allyce.Ruvolo@yopmail.com
297,Aubrie,Alejoa,Aubrie.Alejoa@yopmail.com
298,Kary,Noelyn,Kary.Noelyn@yopmail.com
299,Anestassia,Huggins,Anestassia.Huggins@yopmail.com
300,Mara,Tatianas,Mara.Tatianas@yopmail.com
301,Alejandra,Morehouse,Alejandra.Morehouse@yopmail.com
302,Bernardine,Narton,Bernardine.Narton@yopmail.com
303,Ana,Mendez,Ana.Mendez@yopmail.com
304,Dulce,Fitzsimmons,Dulce.Fitzsimmons@yopmail.com
305,Brynna,Zitvaa,Brynna.Zitvaa@yopmail.com
306,Jennica,Birdella,Jennica.Birdella@yopmail.com
307,Sindee,Felizio,Sindee.Felizio@yopmail.com
308,Tiffie,Faria,Tiffie.Faria@yopmail.com
309,Romona,Cosenza,Romona.Cosenza@yopmail.com
310,Lisette,Charmine,Lisette.Charmine@yopmail.com
311,Marinna,Lucienne,Marinna.Lucienne@yopmail.com
312,Pearline,Cottle,Pearline.Cottle@yopmail.com
313,Gabi,Kussell,Gabi.Kussell@yopmail.com
314,Clo,Thilda,Clo.Thilda@yopmail.com
315,Nerta,Ledah,Nerta.Ledah@yopmail.com
316,Sean,Friede,Sean.Friede@yopmail.com
317,Sissy,Joli,Sissy.Joli@yopmail.com
318,Emelina,Lubin,Emelina.Lubin@yopmail.com
319,Bernardine,Isacco,Bernardine.Isacco@yopmail.com
320,Caritta,Codding,Caritta.Codding@yopmail.com
321,Claresta,Parette,Claresta.Parette@yopmail.com
322,Bill,Persse,Bill.Persse@yopmail.com
323,Adriana,Mott,Adriana.Mott@yopmail.com
324,Reeba,Raimondo,Reeba.Raimondo@yopmail.com
325,Helsa,Billye,Helsa.Billye@yopmail.com
326,Calla,Dielu,Calla.Dielu@yopmail.com
327,Sashenka,Sisile,Sashenka.Sisile@yopmail.com
328,Rubie,Chauncey,Rubie.Chauncey@yopmail.com
329,Elyssa,Miru,Elyssa.Miru@yopmail.com
330,Isa,Medrek,Isa.Medrek@yopmail.com
331,Camile,Ellerey,Camile.Ellerey@yopmail.com
332,Kial,O'Carroll,Kial.O'Carroll@yopmail.com
333,Nariko,Yoko,Nariko.Yoko@yopmail.com
334,Letizia,Ursulette,Letizia.Ursulette@yopmail.com
335,Britte,Tomasina,Britte.Tomasina@yopmail.com
336,Allis,Dielu,Allis.Dielu@yopmail.com
337,Jany,Arley,Jany.Arley@yopmail.com
338,Krystle,Melan,Krystle.Melan@yopmail.com
339,Lynea,Willie,Lynea.Willie@yopmail.com
340,Madeleine,Deegan,Madeleine.Deegan@yopmail.com
341,Dennie,Bollay,Dennie.Bollay@yopmail.com
342,Magdalena,Laverne,Magdalena.Laverne@yopmail.com
343,Harmonia,Hoenack,Harmonia.Hoenack@yopmail.com
344,Ninnetta,Latini,Ninnetta.Latini@yopmail.com
345,Lizzie,Forrer,Lizzie.Forrer@yopmail.com
346,Letizia,Pip,Letizia.Pip@yopmail.com
347,Joeann,Tjon,Joeann.Tjon@yopmail.com
348,Roberta,Papageno,Roberta.Papageno@yopmail.com
349,Camile,Havens,Camile.Havens@yopmail.com
350,Chickie,Tremayne,Chickie.Tremayne@yopmail.com
351,Lanna,Rosette,Lanna.Rosette@yopmail.com
352,Emmey,Standing,Emmey.Standing@yopmail.com
353,Cristabel,Sisile,Cristabel.Sisile@yopmail.com
354,Angela,Myrilla,Angela.Myrilla@yopmail.com
355,Sheelagh,Krystle,Sheelagh.Krystle@yopmail.com
356,Andeee,Dielu,Andeee.Dielu@yopmail.com
357,Vere,Jorgan,Vere.Jorgan@yopmail.com
358,Alexine,Karna,Alexine.Karna@yopmail.com
359,Wendi,Pillsbury,Wendi.Pillsbury@yopmail.com
360,Karlee,Ledah,Karlee.Ledah@yopmail.com
361,Letizia,Keily,Letizia.Keily@yopmail.com
362,Bernardine,Toor,Bernardine.Toor@yopmail.com
363,Andree,Vivle,Andree.Vivle@yopmail.com
364,Moyna,Fosque,Moyna.Fosque@yopmail.com
365,Clementine,Joni,Clementine.Joni@yopmail.com
366,Angela,Wandie,Angela.Wandie@yopmail.com
367,Ketti,Bury,Ketti.Bury@yopmail.com
368,Katuscha,Agle,Katuscha.Agle@yopmail.com
369,Starla,Therine,Starla.Therine@yopmail.com
370,Cassondra,Papageno,Cassondra.Papageno@yopmail.com
371,Veda,Orpah,Veda.Orpah@yopmail.com
372,Starla,Mayeda,Starla.Mayeda@yopmail.com
373,Lauryn,Jacobah,Lauryn.Jacobah@yopmail.com
374,Ofilia,Darrell,Ofilia.Darrell@yopmail.com
375,Sissy,Kiyoshi,Sissy.Kiyoshi@yopmail.com
376,Adriana,Waite,Adriana.Waite@yopmail.com
377,Charlena,Sallyann,Charlena.Sallyann@yopmail.com
378,Jillayne,Tryck,Jillayne.Tryck@yopmail.com
379,Frances,Tarrant,Frances.Tarrant@yopmail.com
380,Carmela,Fry,Carmela.Fry@yopmail.com
381,Keelia,Iphlgenia,Keelia.Iphlgenia@yopmail.com
382,Giustina,Francyne,Giustina.Francyne@yopmail.com
383,Emilia,Rubie,Emilia.Rubie@yopmail.com
384,Georgetta,Seligman,Georgetta.Seligman@yopmail.com
385,Theodora,Raimondo,Theodora.Raimondo@yopmail.com
386,Audrie,Faust,Audrie.Faust@yopmail.com
387,Alie,Jacinda,Alie.Jacinda@yopmail.com
388,Kathy,Stefa,Kathy.Stefa@yopmail.com
389,Dagmar,Waldron,Dagmar.Waldron@yopmail.com
390,Luci,Iiette,Luci.Iiette@yopmail.com
391,Rochette,Janene,Rochette.Janene@yopmail.com
392,Shell,Libna,Shell.Libna@yopmail.com
393,Gretal,Kolnick,Gretal.Kolnick@yopmail.com
394,Blake,Isacco,Blake.Isacco@yopmail.com
395,Mariele,Erb,Mariele.Erb@yopmail.com
396,Ricky,Haerr,Ricky.Haerr@yopmail.com
397,Kalina,Magdalen,Kalina.Magdalen@yopmail.com
398,Anallese,Anderea,Anallese.Anderea@yopmail.com
399,Minne,Fry,Minne.Fry@yopmail.com
400,Anthia,Berriman,Anthia.Berriman@yopmail.com
401,Leia,Lauraine,Leia.Lauraine@yopmail.com
402,Taffy,Ashok,Taffy.Ashok@yopmail.com
403,Carilyn,Maurine,Carilyn.Maurine@yopmail.com
404,Bobbi,Wilkinson,Bobbi.Wilkinson@yopmail.com
405,Sonni,Hoban,Sonni.Hoban@yopmail.com
406,Brianna,Egbert,Brianna.Egbert@yopmail.com
407,Giustina,Haymes,Giustina.Haymes@yopmail.com
408,Cyndie,Sprage,Cyndie.Sprage@yopmail.com
409,Millie,Olin,Millie.Olin@yopmail.com
410,Konstance,Schonfeld,Konstance.Schonfeld@yopmail.com
411,Christal,Shirberg,Christal.Shirberg@yopmail.com
412,Susan,Stacy,Susan.Stacy@yopmail.com
413,Cassandra,Newell,Cassandra.Newell@yopmail.com
414,Carlie,Brittani,Carlie.Brittani@yopmail.com
415,Nonnah,Helve,Nonnah.Helve@yopmail.com
416,Felice,Ashok,Felice.Ashok@yopmail.com
417,Ericka,Nikaniki,Ericka.Nikaniki@yopmail.com
418,Loree,Jaylene,Loree.Jaylene@yopmail.com
419,Cacilie,Madaih,Cacilie.Madaih@yopmail.com
420,Esmeralda,Calhoun,Esmeralda.Calhoun@yopmail.com
421,Feliza,Diann,Feliza.Diann@yopmail.com
422,Wynne,Chapland,Wynne.Chapland@yopmail.com
423,Amalie,Weide,Amalie.Weide@yopmail.com
424,Esmeralda,Garlinda,Esmeralda.Garlinda@yopmail.com
425,Bobinette,Persse,Bobinette.Persse@yopmail.com
426,Kassey,Millda,Kassey.Millda@yopmail.com
427,Di,Elisha,Di.Elisha@yopmail.com
428,Amalie,Christal,Amalie.Christal@yopmail.com
429,Emma,Uird,Emma.Uird@yopmail.com
430,Courtnay,Rustice,Courtnay.Rustice@yopmail.com
431,Dorothy,Carri,Dorothy.Carri@yopmail.com
432,Meriel,Rosalba,Meriel.Rosalba@yopmail.com
433,Luci,Wilkinson,Luci.Wilkinson@yopmail.com
434,Cristabel,Alice,Cristabel.Alice@yopmail.com
435,Talya,Stilwell,Talya.Stilwell@yopmail.com
436,Krystle,Earlie,Krystle.Earlie@yopmail.com
437,Sharai,Gower,Sharai.Gower@yopmail.com
438,Orsola,Bryna,Orsola.Bryna@yopmail.com
439,Asia,Harl,Asia.Harl@yopmail.com
440,Maisey,Goldina,Maisey.Goldina@yopmail.com
441,Odessa,Carlson,Odessa.Carlson@yopmail.com
442,Flory,Bandeen,Flory.Bandeen@yopmail.com
443,Nerta,Bevin,Nerta.Bevin@yopmail.com
444,Helena,Wyn,Helena.Wyn@yopmail.com
445,Katharina,Slifka,Katharina.Slifka@yopmail.com
446,Carlie,Allare,Carlie.Allare@yopmail.com
447,Jacquetta,Hamil,Jacquetta.Hamil@yopmail.com
448,Justinn,Berriman,Justinn.Berriman@yopmail.com
449,Estell,Yoko,Estell.Yoko@yopmail.com
450,Aurelie,Harned,Aurelie.Harned@yopmail.com
451,Jessamyn,Zetta,Jessamyn.Zetta@yopmail.com
452,Cathyleen,Neils,Cathyleen.Neils@yopmail.com
453,Alie,Allare,Alie.Allare@yopmail.com
454,Tori,Vilma,Tori.Vilma@yopmail.com
455,Nicoli,Wesle,Nicoli.Wesle@yopmail.com
456,Jany,Melony,Jany.Melony@yopmail.com
457,Allis,Sancho,Allis.Sancho@yopmail.com
458,Britni,Vernier,Britni.Vernier@yopmail.com
459,Lorne,Tillford,Lorne.Tillford@yopmail.com
460,Carmencita,Olympium,Carmencita.Olympium@yopmail.com
461,Heida,Gusella,Heida.Gusella@yopmail.com
462,Flory,Vittoria,Flory.Vittoria@yopmail.com
463,Fanchon,Orlene,Fanchon.Orlene@yopmail.com
464,Marline,Ezar,Marline.Ezar@yopmail.com
465,Wanda,Dulciana,Wanda.Dulciana@yopmail.com
466,Raf,Merat,Raf.Merat@yopmail.com
467,Ebonee,Rheingold,Ebonee.Rheingold@yopmail.com
468,Dorthy,Maisey,Dorthy.Maisey@yopmail.com
469,Rochette,Nea,Rochette.Nea@yopmail.com
470,Iseabal,Gusella,Iseabal.Gusella@yopmail.com
471,Lucille,Hilbert,Lucille.Hilbert@yopmail.com
472,Inga,Gemini,Inga.Gemini@yopmail.com
473,Hallie,Schlosser,Hallie.Schlosser@yopmail.com
474,Adriana,Hanshaw,Adriana.Hanshaw@yopmail.com
475,Stevana,Hewitt,Stevana.Hewitt@yopmail.com
476,Sheree,Pandolfi,Sheree.Pandolfi@yopmail.com
477,Karlee,Gherardo,Karlee.Gherardo@yopmail.com
478,Emelina,Lesley,Emelina.Lesley@yopmail.com
479,Shirlee,Marsden,Shirlee.Marsden@yopmail.com
480,Clarice,Ball,Clarice.Ball@yopmail.com
481,Madelle,Couture,Madelle.Couture@yopmail.com
482,Frank,Lubin,Frank.Lubin@yopmail.com
483,Angelique,Roumell,Angelique.Roumell@yopmail.com
484,Deedee,Mintz,Deedee.Mintz@yopmail.com
485,Lilith,Berne,Lilith.Berne@yopmail.com
486,Marinna,Tiffa,Marinna.Tiffa@yopmail.com
487,Carree,Capello,Carree.Capello@yopmail.com
488,Angelique,Posner,Angelique.Posner@yopmail.com
489,Max,Anderea,Max.Anderea@yopmail.com
490,Mamie,Chaing,Mamie.Chaing@yopmail.com
491,Ebonee,Sidonius,Ebonee.Sidonius@yopmail.com
492,Lisette,Clywd,Lisette.Clywd@yopmail.com
493,Andeee,Sacken,Andeee.Sacken@yopmail.com
494,Ayn,Cherianne,Ayn.Cherianne@yopmail.com
495,Sallie,Lanita,Sallie.Lanita@yopmail.com
496,Mary,Wittie,Mary.Wittie@yopmail.com
497,Damaris,Alexandr,Damaris.Alexandr@yopmail.com
498,Lynea,Hoban,Lynea.Hoban@yopmail.com
499,Fawne,Ashely,Fawne.Ashely@yopmail.com
500,Emelina,Mozelle,Emelina.Mozelle@yopmail.com
